0,1,2,3,4,5,6,7,8,9,10,11,12,13,14,15,16
0.0,0.0,0.0,0.0,0.2,0.0,0.0,0.0,0.0,0.15,0.16161616161616163,0.02040816326530612,0.19387755102040816,0.0,0.0,0.0,0.0
0.0,0.0,0.0,0.0,0.2,0.0,0.0,0.0,0.0,0.2,0.20202020202020202,0.030612244897959183,0.24489795918367346,0.0,0.0,0.0,0.0
0.0,0.0,0.0,0.0,0.2,0.0,0.0,0.0,0.0,0.1,0.0707070707070707,0.0,0.29591836734693877,1.0,1.0,1.0,0.5
0.0,0.0,0.0,0.0,0.2,0.0,0.0,0.0,0.0,0.3,0.25252525252525254,0.05102040816326531,0.3469387755102041,1.0,1.0,1.0,0.5
0.0,0.0,0.0,0.0,0.2,0.0,0.0,0.0,0.0,0.4,0.5050505050505051,0.12244897959183673,0.5,1.0,1.0,1.0,0.0
1.0,0.0,0.0,0.0,0.2,0.0,0.0,0.0,0.0,0.42,0.30303030303030304,0.1326530612244898,0.7040816326530612,0.0,1.0,1.0,0.0
0.0,0.0,0.0,0.5,0.5,0.0,0.09090909090909091,0.0,0.0,0.35,0.12121212121212122,0.0,0.16326530612244897,1.0,1.0,1.0,0.5
0.0,0.0,0.0,0.5,0.5,0.0,0.09090909090909091,0.0,0.0,0.5,0.10101010101010101,0.15306122448979592,0.21428571428571427,0.0,0.0,0.0,0.0
1.0,0.0,0.0,0.5,0.5,0.0,0.09090909090909091,0.0,0.0,0.12,0.21212121212121213,0.16326530612244897,0.5,0.0,0.0,0.0,0.0
1.0,0.0,0.0,0.5,0.5,0.5,0.0,0.0,0.0,0.7,0.8080808080808081,0.25510204081632654,0.7040816326530612,0.0,0.0,0.0,0.0
0.0,0.0,0.0,0.5,0.5,0.0,0.09090909090909091,0.0,0.0,0.5,0.8888888888888888,0.30612244897959184,0.8061224489795918,0.0,0.0,0.0,1.0
0.0,0.0,0.0,0.5,0.5,0.5,0.09090909090909091,0.0,0.0,0.19,0.06060606060606061,0.19387755102040816,0.11224489795918367,0.0,0.0,0.0,0.0
0.0,0.0,0.0,0.0,0.2,0.0,0.0,0.0,0.0,0.05,0.010101010101010102,0.0,0.10204081632653061,1.0,1.0,1.0,0.5
0.0,0.07692307692307693,0.07692307692307693,0.5,0.6,0.0,0.09090909090909091,0.0,0.0,0.2,0.1414141414141414,0.12244897959183673,0.1836734693877551,1.0,1.0,1.0,0.5
1.0,0.0,0.0,0.5,0.6,0.0,0.09090909090909091,0.0,1.0,0.62,0.7070707070707071,0.4489795918367347,0.6020408163265306,1.0,1.0,1.0,1.0
1.0,0.0,0.0,0.5,0.4,0.0,0.0,0.0,0.0,0.3,0.40404040404040403,0.22448979591836735,0.6632653061224489,0.0,0.0,0.0,0.0
0.0,0.0,0.0,0.5,0.5,0.5,0.0,0.0,0.0,0.36,0.30303030303030304,0.20408163265306123,0.8061224489795918,1.0,1.0,1.0,0.0
0.0,0.0,0.0,0.5,0.5,0.0,0.09090909090909091,0.0,0.0,0.55,0.13131313131313133,0.35714285714285715,0.9081632653061225,1.0,1.0,1.0,0.0
1.0,0.0,0.0,0.5,0.5,0.0,0.0,0.0,1.0,0.69,0.15151515151515152,0.3673469387755102,0.9693877551020408,0.0,0.0,0.0,0.0
0.0,0.0,0.0,0.5,0.5,0.5,0.0,0.0,1.0,0.7,0.5050505050505051,0.40816326530612246,1.0,0.0,0.0,0.0,1.0
1.0,0.0,0.0,0.5,0.5,0.0,0.0,0.0,0.0,0.6,0.6060606060606061,0.336734693877551,0.9081632653061225,1.0,1.0,1.0,0.0
1.0,0.0,0.0,0.5,0.5,0.5,0.0,0.0,0.0,0.1,0.12121212121212122,0.04081632653061224,0.8061224489795918,1.0,1.0,0.0,0.0
0.0,0.0,0.0,0.5,0.5,0.0,0.0,0.0,0.0,0.15,0.21212121212121213,0.02040816326530612,0.9081632653061225,1.0,1.0,0.0,0.0
0.0,0.0,0.0,0.5,0.5,0.0,0.0,0.0,0.0,0.02,0.0,0.02040816326530612,0.5,1.0,1.0,1.0,0.5
0.0,0.0,0.0,0.5,0.5,0.5,0.0,0.0,0.0,0.0,0.020202020202020204,0.030612244897959183,0.7040816326530612,0.0,0.0,1.0,0.5
0.0,0.0,0.0,0.5,0.5,0.0,0.0,0.0,0.0,0.08,0.0707070707070707,0.30612244897959184,0.3979591836734694,0.0,0.0,1.0,0.5
0.0,0.0,0.0,0.5,0.5,0.5,0.0,0.0,0.0,0.19,0.1919191919191919,0.25510204081632654,0.3979591836734694,0.0,1.0,0.0,0.0
0.0,0.0,0.0,0.5,0.6,0.0,0.36363636363636365,0.0,0.0,0.25,0.15151515151515152,0.12244897959183673,0.32653061224489793,1.0,1.0,1.0,0.5
0.0,0.0,0.0,0.5,0.6,0.0,0.2727272727272727,0.0,0.0,0.75,0.8585858585858586,0.5306122448979592,0.42857142857142855,0.0,0.0,0.0,0.0
1.0,0.0,0.0,0.5,0.6,0.0,0.36363636363636365,0.0,0.0,0.3,0.9090909090909091,0.336734693877551,0.3469387755102041,1.0,1.0,0.0,0.0
1.0,0.0,0.0,0.5,0.6,0.0,0.36363636363636365,0.0,0.0,0.35,0.8080808080808081,0.5102040816326531,0.7040816326530612,0.0,0.0,0.0,1.0
0.0,0.0,0.0,0.5,0.5,0.0,0.0,0.0,0.0,0.04,0.050505050505050504,0.40816326530612246,0.15306122448979592,0.0,0.0,1.0,0.5
1.0,0.0,0.0,0.0,0.5,0.0,0.0,0.0,0.0,0.02,0.1919191919191919,0.10204081632653061,0.5,0.0,0.0,1.0,0.5
0.0,0.0,0.0,0.0,0.3,0.0,0.18181818181818182,0.0,0.0,0.08,0.2222222222222222,0.09183673469387756,0.3979591836734694,1.0,1.0,1.0,0.5
0.0,0.0,0.0,0.5,0.5,0.5,0.2727272727272727,0.0,0.0,0.12,0.1111111111111111,0.08163265306122448,0.3979591836734694,1.0,1.0,1.0,0.5
0.0,0.0,0.0,0.5,0.5,0.0,0.18181818181818182,0.0,0.0,0.1,0.12121212121212122,0.17346938775510204,0.29591836734693877,1.0,1.0,1.0,0.5
0.0,0.0,0.0,0.5,0.5,0.5,0.2727272727272727,0.0,1.0,0.08,0.06060606060606061,0.04081632653061224,0.21428571428571427,0.0,0.0,1.0,0.5
1.0,0.15384615384615385,0.15384615384615385,0.5,0.5,0.0,0.0,0.0,0.0,0.45,0.5454545454545454,0.2653061224489796,0.9081632653061225,0.0,0.0,0.0,0.0
0.0,0.0,0.0,0.5,0.4,0.0,0.0,0.0,0.0,0.0,0.0,0.0,0.030612244897959183,1.0,1.0,1.0,0.5
1.0,0.23076923076923078,0.23076923076923078,0.5,0.5,0.5,0.2727272727272727,0.0,0.0,0.5,0.9090909090909091,0.37755102040816324,0.7040816326530612,0.0,0.0,0.0,0.0
1.0,0.0,0.0,0.5,0.5,0.0,0.0,0.0,0.0,0.14,0.13131313131313133,0.030612244897959183,0.7040816326530612,1.0,1.0,1.0,0.5
0.0,0.0,0.0,0.5,0.5,0.0,0.0,0.0,0.0,0.19,0.20202020202020202,0.16326530612244897,0.5,1.0,0.0,0.0,0.0
0.0,0.0,0.0,1.0,0.7,0.0,0.0,0.0,0.0,0.1,0.12121212121212122,0.07142857142857142,0.32653061224489793,0.0,0.0,1.0,0.5
1.0,0.0,0.0,1.0,0.7,0.0,0.0,0.0,0.0,0.3,0.35353535353535354,0.2857142857142857,0.9081632653061225,0.0,0.0,0.0,0.0
1.0,0.0,0.0,1.0,0.7,0.0,0.0,0.0,0.0,0.33,0.3333333333333333,0.30612244897959184,0.9081632653061225,1.0,1.0,0.0,0.0
0.0,0.0,0.0,0.5,0.5,0.0,0.45454545454545453,0.0,0.0,0.2,0.12121212121212122,0.15306122448979592,0.7040816326530612,1.0,0.0,1.0,0.5
0.0,0.0,0.0,0.0,0.3,0.0,0.18181818181818182,0.0,0.0,0.07,0.10101010101010101,0.01020408163265306,0.29591836734693877,1.0,1.0,1.0,0.5
1.0,0.0,0.0,1.0,1.0,0.0,0.18181818181818182,0.0,1.0,0.7,0.04040404040404041,0.3979591836734694,0.9081632653061225,0.0,0.0,0.0,1.0
1.0,0.0,0.0,1.0,1.0,0.0,0.18181818181818182,0.0,1.0,0.13,0.8080808080808081,0.40816326530612246,0.8877551020408163,0.0,0.0,0.0,1.0
1.0,0.0,0.0,1.0,1.0,0.0,0.18181818181818182,0.0,0.0,0.29,0.3939393939393939,0.5102040816326531,0.7755102040816326,0.0,0.0,0.0,0.0
1.0,0.0,0.0,1.0,1.0,0.0,0.18181818181818182,0.0,0.0,0.2,0.1414141414141414,0.12244897959183673,0.7040816326530612,1.0,1.0,1.0,0.5
0.0,0.0,0.0,1.0,1.0,0.0,0.18181818181818182,0.0,0.0,0.39,0.15151515151515152,0.16326530612244897,0.5,1.0,0.0,1.0,0.5
1.0,0.0,0.0,1.0,1.0,0.0,0.18181818181818182,0.0,0.0,0.55,0.9090909090909091,0.16326530612244897,0.3979591836734694,1.0,1.0,0.0,0.0
1.0,0.0,0.0,1.0,0.9,0.0,0.2727272727272727,0.0,1.0,0.49,0.7070707070707071,0.19387755102040816,0.7551020408163265,0.0,0.0,0.0,1.0
0.0,0.0,0.0,1.0,1.0,0.0,0.18181818181818182,0.0,1.0,0.12,0.5050505050505051,0.08163265306122448,0.29591836734693877,1.0,1.0,1.0,0.5
0.0,0.0,0.0,0.5,0.5,0.0,0.09090909090909091,0.0,0.0,0.16,0.1414141414141414,0.061224489795918366,0.19387755102040816,0.0,0.0,1.0,0.5
0.0,0.3076923076923077,0.3076923076923077,0.5,0.6,0.5,0.09090909090909091,0.0,0.0,0.19,0.050505050505050504,0.04081632653061224,0.0,0.0,0.0,1.0,0.5
0.0,0.0,0.0,0.5,0.5,0.0,0.09090909090909091,0.0,0.0,0.05,0.020202020202020204,0.061224489795918366,0.04081632653061224,0.0,0.0,1.0,0.5
0.0,0.0,0.0,0.5,0.5,0.0,0.09090909090909091,0.0,0.0,0.28,0.6060606060606061,0.19387755102040816,0.5,0.0,0.0,0.0,0.0
1.0,0.3076923076923077,0.3076923076923077,0.5,0.5,0.0,0.09090909090909091,0.0,0.0,0.27,0.2222222222222222,0.22448979591836735,0.3979591836734694,1.0,0.0,0.0,0.0
1.0,0.38461538461538464,0.38461538461538464,0.0,0.3,0.0,0.18181818181818182,0.0,1.0,0.21,0.10101010101010101,0.2857142857142857,0.19387755102040816,1.0,0.0,1.0,0.5
0.0,0.0,0.0,1.0,0.8,0.0,0.0,0.0,0.0,0.5,0.7070707070707071,0.32653061224489793,0.3979591836734694,0.0,0.0,0.0,0.0
0.0,0.46153846153846156,0.46153846153846156,1.0,0.8,0.0,0.0,0.0,1.0,0.8,0.9090909090909091,0.7142857142857143,0.8061224489795918,0.0,0.0,0.0,1.0
0.0,0.0,0.0,1.0,0.8,0.0,0.0,0.0,0.0,0.17,0.13131313131313133,0.16326530612244897,0.11224489795918367,0.0,1.0,0.0,0.0
0.0,0.0,0.0,1.0,0.8,0.0,0.0,0.0,0.0,0.0,0.050505050505050504,0.07142857142857142,0.01020408163265306,1.0,1.0,1.0,0.5
0.0,0.0,0.0,1.0,1.0,0.0,0.18181818181818182,0.0,0.0,0.13,0.050505050505050504,0.1836734693877551,0.1836734693877551,1.0,1.0,1.0,0.5
1.0,0.0,0.0,1.0,1.0,0.0,0.18181818181818182,0.0,0.0,0.25,0.10101010101010101,0.19387755102040816,0.29591836734693877,1.0,1.0,1.0,0.0
1.0,0.3076923076923077,0.3076923076923077,1.0,1.0,0.0,0.18181818181818182,0.0,1.0,0.65,0.7575757575757576,0.23469387755102042,0.8061224489795918,0.0,0.0,0.0,1.0
1.0,0.3076923076923077,0.3076923076923077,1.0,1.0,0.0,0.0,0.0,1.0,0.7,0.696969696969697,0.35714285714285715,0.29591836734693877,0.0,0.0,0.0,1.0
0.0,0.38461538461538464,0.38461538461538464,0.5,0.5,0.0,0.0,0.0,0.0,0.39,0.40404040404040403,0.11224489795918367,0.32653061224489793,1.0,1.0,0.0,0.0
0.0,0.38461538461538464,0.38461538461538464,0.5,0.5,0.0,0.0,0.0,0.0,0.22,0.30303030303030304,0.10204081632653061,0.11224489795918367,0.0,0.0,1.0,0.5
0.0,0.0,0.0,0.5,0.5,0.0,0.0,0.0,0.0,0.29,0.2222222222222222,0.09183673469387756,0.19387755102040816,0.0,0.0,0.0,0.0
0.0,0.0,0.0,0.5,0.5,0.0,0.09090909090909091,0.0,0.0,0.11,0.020202020202020204,0.02040816326530612,0.07142857142857142,1.0,1.0,0.0,0.5
1.0,0.0,0.0,0.5,0.5,0.0,0.18181818181818182,0.0,0.0,0.19,0.30303030303030304,0.2653061224489796,0.1836734693877551,0.0,1.0,1.0,0.0
0.0,0.0,0.0,0.5,0.5,0.5,0.0,0.0,0.0,0.12,0.0,0.061224489795918366,0.12244897959183673,1.0,1.0,0.0,0.5
0.0,0.38461538461538464,0.38461538461538464,0.5,0.5,0.0,0.45454545454545453,0.0,1.0,0.5,0.9090909090909091,0.29591836734693877,0.6020408163265306,0.0,0.0,0.0,0.0
0.0,0.5384615384615384,0.5384615384615384,1.0,0.7,0.0,0.0,0.0,1.0,0.15,0.7070707070707071,0.37755102040816324,0.4387755102040816,0.0,0.0,0.0,0.0
0.0,0.0,0.0,1.0,0.7,0.0,0.0,0.0,0.0,0.2,0.8080808080808081,0.336734693877551,0.32653061224489793,0.0,0.0,0.0,0.0
0.0,0.0,0.0,1.0,0.9,0.0,0.45454545454545453,0.0,0.0,0.13,0.030303030303030304,0.11224489795918367,0.08163265306122448,1.0,1.0,1.0,0.5
1.0,0.07692307692307693,0.07692307692307693,0.5,0.5,0.5,0.09090909090909091,0.0,1.0,0.8,0.9090909090909091,0.5,0.5510204081632653,0.0,1.0,0.0,1.0
0.0,0.0,0.0,0.5,0.5,0.0,0.09090909090909091,0.0,0.0,0.08,0.15151515151515152,0.10204081632653061,0.3979591836734694,0.0,1.0,0.0,0.5
0.0,0.0,0.0,0.0,0.0,0.0,0.0,0.0,0.0,0.08,0.25252525252525254,0.01020408163265306,0.7040816326530612,1.0,1.0,1.0,0.5
0.0,0.0,0.0,0.0,0.0,0.5,0.0,0.0,0.0,0.07,0.050505050505050504,0.02040816326530612,0.8061224489795918,0.0,0.0,1.0,0.5
0.0,0.0,0.0,0.0,0.0,0.5,0.0,0.0,0.0,0.07,0.04040404040404041,0.10204081632653061,0.5,1.0,0.0,1.0,0.0
0.0,0.0,0.0,0.0,0.0,0.5,0.0,0.0,0.0,0.5,0.7070707070707071,0.5102040816326531,0.09183673469387756,0.0,0.0,1.0,1.0
0.0,0.0,0.0,0.0,0.0,0.5,0.0,0.0,0.0,0.01,0.0,0.01020408163265306,0.11224489795918367,1.0,1.0,1.0,0.5
0.0,0.23076923076923078,0.23076923076923078,0.0,0.0,0.5,0.0,0.0,0.0,0.7,0.12121212121212122,0.40816326530612246,0.5,0.0,0.0,0.0,1.0
0.0,0.0,0.0,0.0,0.0,0.5,0.0,0.0,0.0,0.19,0.7070707070707071,0.030612244897959183,0.5,1.0,1.0,0.0,0.5
1.0,0.0,0.0,0.0,0.0,0.5,0.0,0.0,0.0,0.03,0.12121212121212122,0.04081632653061224,0.32653061224489793,1.0,1.0,0.0,0.5
0.0,0.0,0.0,0.0,0.0,0.5,0.0,0.0,0.0,0.05,0.20202020202020202,0.01020408163265306,0.5,0.0,0.0,1.0,0.5
0.0,0.0,0.0,0.0,0.0,0.5,0.0,0.0,0.0,0.04,0.08080808080808081,0.10204081632653061,0.6020408163265306,0.0,0.0,1.0,0.5
0.0,0.0,0.0,0.0,0.0,0.5,0.0,0.0,0.0,0.8,0.9090909090909091,0.5612244897959183,0.1836734693877551,0.0,0.0,0.0,1.0
1.0,0.0,0.0,0.0,0.0,0.5,0.0,0.0,0.0,0.5,0.7070707070707071,0.19387755102040816,0.14285714285714285,0.0,0.0,0.0,1.0
0.0,0.3076923076923077,0.3076923076923077,0.0,0.0,0.5,0.0,0.0,0.0,0.55,0.898989898989899,0.40816326530612246,0.3979591836734694,0.0,0.0,0.0,1.0
1.0,0.0,0.0,0.0,0.0,0.5,0.0,0.0,0.0,0.8,0.4444444444444444,0.35714285714285715,0.09183673469387756,1.0,0.0,1.0,0.5
1.0,0.0,0.0,0.0,0.0,0.5,0.0,0.0,0.0,1.0,0.8080808080808081,0.02040816326530612,0.7040816326530612,1.0,1.0,0.0,1.0
1.0,0.0,0.0,0.0,0.0,1.0,0.0,0.0,0.0,0.14,0.6060606060606061,0.11224489795918367,0.7551020408163265,0.0,0.0,0.0,1.0
1.0,0.0,0.0,0.0,0.0,0.5,0.0,0.0,0.0,0.06,0.020202020202020204,0.3877551020408163,0.11224489795918367,1.0,1.0,0.0,0.0
1.0,0.0,0.0,0.0,0.0,1.0,0.0,0.0,0.0,0.1,0.030303030303030304,0.0,0.29591836734693877,1.0,1.0,0.0,0.0
0.0,0.0,0.0,0.0,0.0,0.5,0.0,0.0,0.0,0.5,0.0707070707070707,0.09183673469387756,0.5,0.0,1.0,1.0,0.0
0.0,0.0,0.0,0.0,0.0,0.5,0.0,0.0,0.0,0.5,0.9090909090909091,0.40816326530612246,0.9081632653061225,0.0,1.0,0.0,0.0
1.0,0.0,0.0,0.0,0.0,0.5,0.0,0.0,1.0,0.7,0.9292929292929293,0.5102040816326531,0.061224489795918366,0.0,0.0,0.0,1.0
1.0,0.0,0.0,0.0,0.0,0.5,0.0,0.0,0.0,0.02,0.06060606060606061,0.02040816326530612,0.07142857142857142,1.0,1.0,1.0,0.5
0.0,0.0,0.0,0.0,0.0,0.5,0.0,0.0,0.0,0.01,0.0707070707070707,0.061224489795918366,0.09183673469387756,1.0,1.0,1.0,0.5
0.0,0.0,0.0,0.0,0.0,0.5,0.0,0.0,0.0,0.0,0.12121212121212122,0.030612244897959183,0.02040816326530612,0.0,0.0,1.0,0.0
1.0,0.0,0.0,0.0,0.0,0.5,0.0,0.0,0.0,0.0,0.0,0.05102040816326531,0.8061224489795918,0.0,0.0,1.0,0.5
1.0,0.0,0.0,0.0,0.0,0.5,0.0,0.0,0.0,0.12,0.26262626262626265,0.07142857142857142,0.3979591836734694,0.0,0.0,0.0,0.0
0.0,0.0,0.0,0.0,0.0,0.5,0.0,0.0,0.0,0.7,0.9090909090909091,0.41836734693877553,0.32653061224489793,0.0,1.0,0.0,1.0
0.0,0.23076923076923078,0.23076923076923078,0.0,0.0,0.5,0.0,0.0,0.0,0.07,0.12121212121212122,0.05102040816326531,0.02040816326530612,1.0,1.0,1.0,0.0
0.0,0.0,0.0,0.0,0.0,0.5,0.0,0.0,0.0,0.9,0.7070707070707071,0.30612244897959184,0.1326530612244898,1.0,1.0,0.0,0.0
1.0,0.38461538461538464,0.38461538461538464,0.0,0.0,0.5,0.0,0.0,1.0,0.7,0.8888888888888888,0.5612244897959183,0.3979591836734694,0.0,0.0,0.0,1.0
0.0,0.0,0.0,0.0,0.0,1.0,0.0,0.0,0.0,0.77,0.8080808080808081,0.5204081632653061,0.8061224489795918,1.0,0.0,0.0,0.0
0.0,0.0,0.0,0.0,0.0,0.5,0.0,0.0,0.0,0.02,0.050505050505050504,0.030612244897959183,0.5,1.0,1.0,1.0,0.5
0.0,0.0,0.0,0.0,0.0,0.5,0.0,0.0,0.0,0.25,0.2727272727272727,0.0,0.6938775510204082,1.0,1.0,1.0,0.5
0.0,0.0,0.0,0.0,0.0,0.5,0.0,0.0,0.0,0.11,0.020202020202020204,0.0,0.5,1.0,1.0,1.0,0.5
0.0,0.0,0.0,0.0,0.0,0.5,0.0,0.0,0.0,0.0,0.08080808080808081,0.11224489795918367,0.7040816326530612,0.0,0.0,1.0,0.5
1.0,0.0,0.0,0.0,0.0,1.0,0.0,0.0,1.0,0.77,0.8080808080808081,0.12244897959183673,0.1836734693877551,0.0,0.0,1.0,0.0
1.0,0.0,0.0,0.0,0.0,1.0,0.0,0.0,1.0,0.25,0.29292929292929293,0.40816326530612246,0.16326530612244897,1.0,0.0,0.0,1.0
1.0,0.0,0.0,0.0,0.0,1.0,0.0,0.0,1.0,0.24,0.35353535353535354,0.23469387755102042,0.21428571428571427,0.0,0.0,1.0,0.0
0.0,0.0,0.0,0.0,0.0,1.0,0.0,0.0,0.0,0.6,0.6060606060606061,0.030612244897959183,0.6020408163265306,1.0,1.0,0.0,0.0
0.0,0.0,0.0,0.0,0.0,1.0,0.0,0.0,1.0,0.21,0.12121212121212122,0.0,0.5,0.0,0.0,0.0,0.0
0.0,0.0,0.0,0.0,0.0,1.0,0.0,0.0,1.0,0.0,0.04040404040404041,0.08163265306122448,0.29591836734693877,1.0,1.0,1.0,0.5
1.0,0.0,0.0,0.0,0.0,0.5,0.0,0.0,0.0,0.66,0.9090909090909091,0.5612244897959183,0.11224489795918367,0.0,0.0,1.0,0.0
1.0,0.07692307692307693,0.07692307692307693,0.0,0.0,0.5,0.0,0.0,0.0,0.7,0.98989898989899,0.07142857142857142,0.04081632653061224,0.0,0.0,0.0,0.0
0.0,0.0,0.0,0.0,0.0,1.0,0.0,0.0,0.0,0.0,0.06060606060606061,0.04081632653061224,0.14285714285714285,0.0,1.0,0.0,0.5
0.0,0.0,0.0,0.0,0.0,0.5,0.0,0.0,0.0,0.12,0.30303030303030304,0.0,0.16326530612244897,1.0,0.0,1.0,0.5
1.0,0.5384615384615384,0.5384615384615384,0.0,0.0,1.0,0.0,0.0,0.0,0.02,0.09090909090909091,0.07142857142857142,0.5510204081632653,0.0,0.0,0.0,0.0
0.0,0.0,0.0,0.0,0.0,0.5,0.0,0.0,0.0,0.55,0.3333333333333333,0.061224489795918366,0.08163265306122448,1.0,1.0,1.0,0.5
0.0,0.0,0.0,0.0,0.0,1.0,0.0,0.0,0.0,0.12,0.10101010101010101,0.20408163265306123,0.15306122448979592,1.0,1.0,0.0,0.5
0.0,0.0,0.0,0.0,0.0,0.5,0.0,0.0,0.0,0.7,0.9090909090909091,0.02040816326530612,0.01020408163265306,0.0,0.0,0.0,0.5
1.0,0.0,0.0,0.0,0.0,1.0,0.0,0.0,0.0,0.07,0.09090909090909091,0.05102040816326531,0.29591836734693877,1.0,1.0,1.0,0.5
0.0,0.38461538461538464,0.38461538461538464,0.0,0.0,1.0,0.0,0.0,0.0,0.8,0.42424242424242425,0.20408163265306123,0.5,0.0,0.0,0.0,0.0
0.0,0.0,0.0,0.0,0.0,1.0,0.0,1.0,0.0,0.0,0.030303030303030304,0.10204081632653061,0.02040816326530612,1.0,1.0,1.0,0.5
0.0,0.0,0.0,0.0,0.0,0.0,0.0,1.0,0.0,0.12,0.6060606060606061,0.0,0.7040816326530612,0.0,0.0,1.0,0.5
0.0,0.0,0.0,0.5,0.5,0.0,0.45454545454545453,1.0,0.0,0.8,0.8080808080808081,0.15306122448979592,0.7040816326530612,0.0,0.0,0.0,1.0
1.0,0.15384615384615385,0.15384615384615385,0.5,0.5,0.0,0.45454545454545453,1.0,1.0,0.7,0.8080808080808081,0.9693877551020408,0.7040816326530612,0.0,0.0,0.0,1.0
1.0,0.0,0.3076923076923077,1.0,0.9,0.0,0.45454545454545453,1.0,1.0,0.7,0.8080808080808081,0.9693877551020408,0.7040816326530612,0.0,0.0,0.0,1.0
1.0,0.0,0.3076923076923077,1.0,0.9,0.0,0.45454545454545453,0.0,1.0,0.6,0.8080808080808081,0.5102040816326531,0.3979591836734694,1.0,1.0,0.0,0.0
1.0,0.38461538461538464,0.15384615384615385,0.5,0.5,0.0,0.45454545454545453,0.0,1.0,1.0,0.8080808080808081,0.9693877551020408,0.9081632653061225,1.0,1.0,0.0,1.0
0.0,0.38461538461538464,0.3076923076923077,0.5,0.5,0.0,0.45454545454545453,0.0,1.0,1.0,0.8585858585858586,0.8673469387755102,0.7040816326530612,1.0,1.0,0.0,0.0
0.0,0.6153846153846154,0.6153846153846154,0.5,0.5,0.0,0.45454545454545453,0.0,0.0,0.1,0.6060606060606061,0.05102040816326531,0.19387755102040816,0.0,1.0,1.0,0.5
0.0,0.6153846153846154,0.6153846153846154,0.5,0.5,0.0,0.45454545454545453,1.0,0.0,0.19,0.6565656565656566,0.5102040816326531,0.09183673469387756,1.0,1.0,1.0,0.5
0.0,0.6153846153846154,0.6153846153846154,0.5,0.5,0.0,0.45454545454545453,1.0,0.0,0.1,0.7575757575757576,0.5612244897959183,0.10204081632653061,0.0,0.0,0.0,0.0
0.0,0.0,0.0,0.5,0.5,0.0,0.45454545454545453,1.0,0.0,0.8,0.9090909090909091,0.5612244897959183,0.1836734693877551,0.0,0.0,0.0,1.0
0.0,0.0,0.0,0.5,0.5,0.0,0.45454545454545453,1.0,0.0,0.1,0.10101010101010101,0.15306122448979592,0.1836734693877551,1.0,1.0,1.0,0.5
0.0,0.6153846153846154,0.23076923076923078,0.5,0.5,0.0,0.45454545454545453,1.0,0.0,0.7,0.7575757575757576,0.5612244897959183,0.10204081632653061,0.0,1.0,0.0,0.0
1.0,0.07692307692307693,0.07692307692307693,0.5,0.5,0.0,0.45454545454545453,1.0,1.0,1.0,0.7575757575757576,0.5102040816326531,0.7040816326530612,0.0,0.0,0.0,1.0
1.0,0.07692307692307693,0.07692307692307693,0.5,0.5,0.0,0.45454545454545453,1.0,0.0,0.1,0.797979797979798,0.30612244897959184,0.29591836734693877,1.0,1.0,0.0,0.0
1.0,0.38461538461538464,0.38461538461538464,0.5,0.5,0.0,0.45454545454545453,1.0,0.0,0.6,0.5555555555555556,0.30612244897959184,0.3979591836734694,1.0,1.0,0.0,0.0
1.0,0.38461538461538464,0.07692307692307693,0.5,0.5,0.0,0.45454545454545453,1.0,1.0,1.0,0.7575757575757576,0.5102040816326531,0.7040816326530612,0.0,1.0,0.0,1.0
0.0,0.23076923076923078,0.23076923076923078,1.0,0.9,0.0,0.45454545454545453,1.0,0.0,0.8,0.8080808080808081,0.5204081632653061,0.5918367346938775,0.0,0.0,0.0,1.0
0.0,0.23076923076923078,0.3076923076923077,1.0,0.9,0.0,0.2727272727272727,1.0,0.0,0.23,0.6363636363636364,0.7244897959183674,0.8979591836734694,0.0,0.0,0.0,0.0
1.0,0.23076923076923078,0.3076923076923077,1.0,0.9,0.5,0.2727272727272727,1.0,0.0,1.0,0.9191919191919192,1.0,0.3979591836734694,0.0,1.0,0.0,1.0
0.0,0.23076923076923078,0.3076923076923077,1.0,0.9,0.5,0.5454545454545454,1.0,0.0,0.1,0.5151515151515151,0.40816326530612246,0.3979591836734694,1.0,1.0,1.0,0.5
0.0,0.23076923076923078,0.3076923076923077,1.0,0.9,0.5,0.18181818181818182,1.0,0.0,0.7,0.5050505050505051,0.336734693877551,0.40816326530612246,1.0,1.0,1.0,0.0
0.0,0.23076923076923078,0.3076923076923077,1.0,0.9,0.5,0.09090909090909091,1.0,0.0,0.7,0.5858585858585859,0.7448979591836735,0.9183673469387755,0.0,1.0,0.0,1.0
1.0,0.6153846153846154,0.3076923076923077,1.0,0.9,0.5,0.6363636363636364,1.0,0.0,0.7,0.5050505050505051,0.30612244897959184,0.4897959183673469,0.0,0.0,0.0,0.0
0.0,0.6153846153846154,0.6153846153846154,1.0,0.9,0.5,0.2727272727272727,1.0,0.0,0.7,0.5050505050505051,0.336734693877551,0.3979591836734694,1.0,0.0,0.0,0.0
0.0,0.6153846153846154,0.0,0.5,0.5,0.5,0.2727272727272727,1.0,0.0,0.22,0.5151515151515151,0.4897959183673469,0.09183673469387756,1.0,1.0,1.0,0.5
1.0,0.0,0.0,0.5,0.5,0.5,0.2727272727272727,1.0,0.0,0.62,0.6868686868686869,0.4897959183673469,0.8061224489795918,0.0,0.0,0.0,0.0
1.0,0.38461538461538464,0.38461538461538464,0.5,0.5,0.5,0.2727272727272727,1.0,1.0,0.82,0.898989898989899,0.5918367346938775,0.5,0.0,0.0,0.0,1.0
0.0,0.38461538461538464,0.38461538461538464,0.5,0.5,0.5,0.2727272727272727,1.0,1.0,0.72,0.8080808080808081,0.5918367346938775,0.6632653061224489,1.0,1.0,0.0,0.0
1.0,0.38461538461538464,0.38461538461538464,0.0,0.0,0.5,0.6363636363636364,1.0,1.0,0.7,0.8282828282828283,0.030612244897959183,0.7346938775510204,1.0,1.0,0.0,1.0
1.0,0.38461538461538464,0.3076923076923077,0.0,0.0,0.5,0.6363636363636364,1.0,1.0,0.6,0.8282828282828283,0.9489795918367347,0.42857142857142855,1.0,1.0,1.0,0.0
0.0,0.38461538461538464,0.38461538461538464,0.0,0.0,0.5,0.6363636363636364,1.0,1.0,0.55,0.7272727272727273,0.8469387755102041,0.1326530612244898,0.0,0.0,1.0,0.0
1.0,0.7692307692307693,0.7692307692307693,0.0,0.0,0.5,0.6363636363636364,1.0,1.0,0.72,0.6565656565656566,0.7448979591836735,0.6632653061224489,0.0,0.0,0.0,1.0
0.0,0.0,0.0,0.0,0.0,0.5,0.6363636363636364,1.0,1.0,0.51,0.8282828282828283,0.5408163265306123,0.42857142857142855,1.0,1.0,0.0,0.0
0.0,0.6153846153846154,0.6153846153846154,0.0,0.0,0.5,0.6363636363636364,1.0,1.0,0.8,0.9292929292929293,0.8469387755102041,0.42857142857142855,0.0,0.0,0.0,1.0
0.0,0.0,0.0,0.0,0.0,0.5,0.6363636363636364,1.0,1.0,0.6,0.5252525252525253,0.23469387755102042,0.32653061224489793,0.0,0.0,0.0,1.0
0.0,0.0,0.0,0.0,0.0,0.5,0.6363636363636364,1.0,1.0,0.3,0.12121212121212122,0.29591836734693877,0.22448979591836735,1.0,1.0,0.0,0.0
0.0,0.0,0.0,0.0,0.0,0.5,0.6363636363636364,1.0,0.0,0.4,0.6262626262626263,0.8469387755102041,0.32653061224489793,0.0,0.0,0.0,1.0
0.0,0.0,0.0,0.0,0.0,0.5,0.6363636363636364,1.0,1.0,0.6,0.5252525252525253,0.23469387755102042,0.32653061224489793,1.0,0.0,0.0,0.0
0.0,0.5384615384615384,0.5384615384615384,0.0,0.0,0.5,0.6363636363636364,1.0,1.0,0.2,0.2222222222222222,0.5408163265306123,0.12244897959183673,1.0,0.0,1.0,0.5
0.0,0.6923076923076923,0.6923076923076923,0.0,0.0,0.5,0.6363636363636364,1.0,1.0,0.2,0.5252525252525253,0.23469387755102042,0.32653061224489793,0.0,0.0,1.0,0.5
1.0,0.38461538461538464,0.38461538461538464,0.0,0.0,0.5,0.6363636363636364,1.0,0.0,0.5,0.6262626262626263,0.7448979591836735,0.42857142857142855,0.0,1.0,1.0,0.0
0.0,0.5384615384615384,0.5384615384615384,0.0,0.0,0.5,0.6363636363636364,1.0,0.0,0.1,0.020202020202020204,0.1326530612244898,0.5306122448979592,1.0,1.0,1.0,0.5
0.0,0.6153846153846154,0.6153846153846154,0.0,0.0,0.5,0.6363636363636364,1.0,1.0,0.6,0.5252525252525253,0.23469387755102042,0.32653061224489793,0.0,1.0,0.0,1.0
1.0,0.3076923076923077,0.3076923076923077,0.0,0.0,0.5,0.6363636363636364,1.0,1.0,0.15,0.5252525252525253,0.8469387755102041,0.10204081632653061,0.0,1.0,0.0,0.0
1.0,0.07692307692307693,0.07692307692307693,0.0,0.0,0.5,0.6363636363636364,1.0,1.0,0.8,0.42424242424242425,0.336734693877551,0.12244897959183673,0.0,1.0,0.0,1.0
0.0,0.07692307692307693,0.07692307692307693,0.0,0.0,0.5,0.6363636363636364,1.0,1.0,0.4,0.5151515151515151,0.20408163265306123,0.32653061224489793,1.0,1.0,0.0,0.0
1.0,0.23076923076923078,0.23076923076923078,0.0,0.0,0.5,0.6363636363636364,1.0,0.0,0.6,0.7070707070707071,0.6428571428571429,0.9387755102040817,0.0,1.0,0.0,1.0
0.0,0.38461538461538464,0.38461538461538464,0.0,0.0,0.5,0.6363636363636364,1.0,0.0,0.5,0.6262626262626263,0.1326530612244898,0.32653061224489793,1.0,1.0,1.0,0.5
0.0,0.0,0.0,0.5,0.6,0.0,0.36363636363636365,1.0,1.0,0.85,0.7575757575757576,0.6326530612244898,0.5306122448979592,0.0,1.0,0.0,1.0
1.0,0.07692307692307693,0.07692307692307693,0.5,0.6,0.0,0.36363636363636365,1.0,0.0,0.25,0.15151515151515152,0.32653061224489793,0.5306122448979592,1.0,1.0,0.0,0.0
0.0,0.07692307692307693,0.07692307692307693,0.5,0.6,0.0,0.36363636363636365,1.0,1.0,0.1,0.35353535353535354,0.30612244897959184,0.12244897959183673,1.0,1.0,1.0,0.5
0.0,0.07692307692307693,0.38461538461538464,0.5,0.6,0.0,0.36363636363636365,1.0,1.0,0.87,0.6565656565656566,0.8367346938775511,0.32653061224489793,0.0,0.0,0.0,1.0
0.0,0.0,0.0,0.5,0.6,0.0,0.36363636363636365,1.0,1.0,0.85,0.15151515151515152,0.22448979591836735,0.5306122448979592,0.0,0.0,0.0,0.0
1.0,0.0,0.0,0.5,0.6,0.0,0.36363636363636365,1.0,0.0,0.8,0.7171717171717171,0.5306122448979592,0.5102040816326531,0.0,0.0,0.0,0.0
0.0,0.0,0.0,0.5,0.6,0.0,0.36363636363636365,1.0,1.0,0.75,0.7171717171717171,0.7346938775510204,0.5306122448979592,0.0,0.0,0.0,1.0
1.0,0.0,0.0,0.5,0.6,0.0,0.36363636363636365,1.0,0.0,0.85,0.6666666666666666,0.12244897959183673,0.22448979591836735,1.0,1.0,0.0,0.0
0.0,0.0,0.0,0.5,0.6,0.0,0.36363636363636365,1.0,0.0,0.23,0.25252525252525254,0.32653061224489793,0.5306122448979592,1.0,1.0,0.0,0.5
0.0,0.0,0.0,0.5,0.6,0.0,0.36363636363636365,1.0,0.0,0.15,0.25252525252525254,0.37755102040816324,0.12244897959183673,0.0,0.0,1.0,0.5
0.0,0.0,0.0,0.5,0.6,0.0,0.36363636363636365,1.0,1.0,0.95,0.9191919191919192,0.6326530612244898,0.5306122448979592,0.0,0.0,0.0,0.0
0.0,0.7692307692307693,0.7692307692307693,0.5,0.6,0.0,0.36363636363636365,1.0,1.0,0.81,0.7575757575757576,0.6326530612244898,0.5306122448979592,1.0,1.0,0.0,0.0
0.0,0.7692307692307693,0.7692307692307693,0.5,0.6,0.0,0.36363636363636365,1.0,1.0,0.53,0.7575757575757576,0.7346938775510204,0.22448979591836735,1.0,1.0,0.0,0.0
0.0,0.0,0.0,0.5,0.6,0.0,0.36363636363636365,1.0,0.0,0.15,0.43434343434343436,0.42857142857142855,0.32653061224489793,0.0,0.0,0.0,0.0
0.0,0.0,0.0,0.5,0.6,0.0,0.36363636363636365,1.0,1.0,0.92,0.6565656565656566,0.6326530612244898,0.5306122448979592,0.0,0.0,0.0,1.0
0.0,0.0,0.0,0.5,0.6,0.0,0.36363636363636365,1.0,1.0,0.83,0.7575757575757576,0.6326530612244898,0.5306122448979592,1.0,1.0,0.0,1.0
0.0,0.7692307692307693,0.7692307692307693,0.5,0.6,0.5,0.36363636363636365,1.0,0.0,0.27,0.15151515151515152,0.42857142857142855,0.5306122448979592,1.0,1.0,1.0,0.5
0.0,0.0,0.0,0.5,0.6,0.5,0.36363636363636365,1.0,0.0,0.45,0.9595959595959596,0.12244897959183673,0.12244897959183673,1.0,1.0,0.0,0.0
0.0,0.0,0.0,0.5,0.6,0.5,0.36363636363636365,1.0,1.0,0.15,0.9090909090909091,0.5306122448979592,0.8367346938775511,0.0,1.0,0.0,1.0
1.0,0.07692307692307693,0.07692307692307693,0.5,0.6,0.0,0.36363636363636365,1.0,1.0,0.45,0.5858585858585859,0.5306122448979592,0.42857142857142855,0.0,0.0,0.0,1.0
0.0,0.0,0.0,0.5,0.6,0.5,0.36363636363636365,1.0,0.0,0.25,0.050505050505050504,0.12244897959183673,0.32653061224489793,0.0,0.0,0.0,0.0
1.0,0.0,0.0,0.5,0.6,0.5,0.36363636363636365,1.0,0.0,0.22,0.5151515151515151,0.42857142857142855,0.3979591836734694,0.0,1.0,0.0,0.0
0.0,0.38461538461538464,0.38461538461538464,0.5,0.6,0.5,0.36363636363636365,1.0,0.0,0.29,0.10101010101010101,0.12244897959183673,0.23469387755102042,1.0,1.0,1.0,0.5
1.0,0.23076923076923078,0.23076923076923078,0.5,0.6,0.5,0.36363636363636365,1.0,1.0,0.72,0.5151515151515151,0.42857142857142855,0.23469387755102042,0.0,1.0,1.0,1.0
0.0,0.0,0.0,0.5,0.6,0.5,0.36363636363636365,1.0,0.0,0.67,0.31313131313131315,0.42857142857142855,0.1326530612244898,0.0,0.0,0.0,0.0
0.0,0.0,0.0,0.5,0.6,1.0,0.5454545454545454,1.0,0.0,0.17,0.21212121212121213,0.42857142857142855,0.1326530612244898,0.0,0.0,0.0,0.0
0.0,0.6153846153846154,0.6153846153846154,0.5,0.6,1.0,0.5454545454545454,1.0,1.0,0.27,0.41414141414141414,0.5,0.1326530612244898,1.0,1.0,0.0,0.0
0.0,0.0,0.0,0.5,0.6,1.0,0.5454545454545454,1.0,0.0,0.7,0.8181818181818182,0.3979591836734694,0.8469387755102041,1.0,1.0,0.0,0.0
0.0,0.38461538461538464,0.23076923076923078,0.5,0.6,1.0,0.5454545454545454,1.0,1.0,0.27,0.9090909090909091,0.8367346938775511,0.1326530612244898,0.0,0.0,0.0,1.0
0.0,0.0,0.0,0.5,0.6,1.0,0.5454545454545454,1.0,0.0,0.17,0.6161616161616161,0.42857142857142855,0.1326530612244898,1.0,1.0,0.0,0.0
0.0,0.6153846153846154,0.6153846153846154,0.5,0.6,1.0,0.5454545454545454,1.0,1.0,0.87,0.8181818181818182,0.42857142857142855,0.1836734693877551,0.0,0.0,0.0,1.0
0.0,0.6153846153846154,0.6153846153846154,0.5,0.6,1.0,0.5454545454545454,1.0,0.0,0.07,0.6161616161616161,0.22448979591836735,0.1326530612244898,1.0,1.0,1.0,0.5
0.0,0.0,0.0,0.5,0.6,1.0,0.5454545454545454,1.0,0.0,0.17,0.5050505050505051,0.02040816326530612,0.030612244897959183,1.0,1.0,1.0,0.5
0.0,0.0,0.0,0.5,0.6,1.0,0.5454545454545454,1.0,0.0,0.05,0.21212121212121213,0.42857142857142855,0.1326530612244898,1.0,0.0,1.0,0.5
0.0,0.5384615384615384,0.5384615384615384,0.5,0.6,1.0,0.5454545454545454,1.0,1.0,0.27,0.41414141414141414,0.32653061224489793,0.6122448979591837,0.0,1.0,1.0,0.0
1.0,0.38461538461538464,0.0,0.5,0.6,1.0,0.5454545454545454,1.0,0.0,0.87,0.8888888888888888,0.40816326530612246,0.09183673469387756,0.0,0.0,0.0,0.0
0.0,0.0,0.0,0.5,0.6,1.0,0.5454545454545454,1.0,1.0,0.96,0.6161616161616161,0.42857142857142855,0.9489795918367347,0.0,1.0,0.0,1.0
0.0,0.0,0.0,0.5,0.6,1.0,0.5454545454545454,1.0,1.0,0.57,0.5151515151515151,0.46938775510204084,0.336734693877551,0.0,0.0,0.0,0.0
0.0,0.07692307692307693,0.07692307692307693,0.5,0.6,1.0,0.5454545454545454,1.0,0.0,0.77,0.696969696969697,0.41836734693877553,0.12244897959183673,0.0,0.0,0.0,0.0
0.0,0.07692307692307693,0.07692307692307693,0.5,0.6,1.0,0.5454545454545454,1.0,0.0,0.8,0.5151515151515151,0.40816326530612246,0.23469387755102042,1.0,0.0,0.0,0.0
0.0,0.0,0.0,0.5,0.6,0.5,0.5454545454545454,1.0,0.0,0.62,0.6161616161616161,0.8367346938775511,0.3979591836734694,0.0,1.0,0.0,0.0
0.0,0.0,0.0,0.5,0.6,0.0,0.5454545454545454,1.0,1.0,0.72,0.8383838383838383,0.12244897959183673,0.9081632653061225,0.0,0.0,0.0,1.0
0.0,0.0,0.0,0.5,0.6,0.5,0.5454545454545454,1.0,1.0,0.87,0.8181818181818182,0.22448979591836735,0.7040816326530612,0.0,1.0,0.0,1.0
0.0,0.0,0.0,0.5,0.6,0.0,0.5454545454545454,1.0,1.0,0.72,0.9090909090909091,0.12244897959183673,0.29591836734693877,1.0,1.0,0.0,0.0
0.0,0.0,0.0,0.5,0.6,0.5,0.5454545454545454,1.0,0.0,0.02,0.1111111111111111,0.6326530612244898,0.29591836734693877,1.0,1.0,0.0,0.5
0.0,0.0,0.0,0.5,0.6,0.0,0.5454545454545454,1.0,0.0,0.05,0.030303030303030304,0.02040816326530612,0.09183673469387756,0.0,0.0,0.0,0.5
0.0,0.0,0.0,1.0,0.9,0.5,0.09090909090909091,1.0,1.0,0.73,0.8484848484848485,0.7857142857142857,0.8163265306122449,0.0,0.0,1.0,1.0
0.0,0.0,0.0,0.5,0.6,0.0,0.5454545454545454,1.0,0.0,0.05,0.1717171717171717,0.21428571428571427,0.09183673469387756,1.0,1.0,1.0,0.5
0.0,0.5384615384615384,0.5384615384615384,0.5,0.6,0.0,0.5454545454545454,1.0,1.0,0.51,0.42424242424242425,0.12244897959183673,0.2857142857142857,1.0,1.0,1.0,0.0
0.0,0.6923076923076923,0.38461538461538464,0.5,0.6,0.0,0.5454545454545454,1.0,0.0,0.09,0.0707070707070707,0.21428571428571427,0.19387755102040816,0.0,0.0,1.0,0.5
0.0,0.6923076923076923,0.6923076923076923,0.5,0.5,0.0,0.45454545454545453,0.0,0.0,0.19,0.7272727272727273,0.15306122448979592,0.5,0.0,0.0,1.0,0.0
1.0,0.38461538461538464,0.38461538461538464,0.5,0.5,0.5,0.2727272727272727,1.0,1.0,0.32,0.8080808080808081,0.5918367346938775,0.45918367346938777,0.0,0.0,1.0,0.0
0.0,0.0,0.0,0.5,0.5,0.5,0.2727272727272727,1.0,1.0,0.32,0.6060606060606061,0.5918367346938775,0.6632653061224489,0.0,0.0,1.0,0.0
0.0,0.0,0.0,0.5,0.5,0.5,0.2727272727272727,1.0,0.0,0.12,0.08080808080808081,0.1836734693877551,0.25510204081632654,1.0,1.0,1.0,0.5
0.0,0.38461538461538464,0.38461538461538464,0.5,0.5,0.5,0.2727272727272727,1.0,0.0,0.52,0.10101010101010101,0.1326530612244898,0.05102040816326531,1.0,1.0,1.0,0.5
0.0,0.0,0.0,0.5,0.5,0.5,0.2727272727272727,1.0,0.0,0.72,0.8080808080808081,0.5918367346938775,0.6632653061224489,0.0,0.0,1.0,0.0
1.0,0.0,0.0,0.5,0.5,0.5,0.2727272727272727,1.0,1.0,0.72,0.8080808080808081,0.5918367346938775,0.6632653061224489,0.0,0.0,1.0,0.0
0.0,0.15384615384615385,0.15384615384615385,0.5,0.5,0.5,0.2727272727272727,1.0,1.0,0.92,0.8080808080808081,0.8979591836734694,0.7653061224489796,0.0,0.0,0.0,1.0
0.0,0.0,0.0,0.5,0.5,0.5,0.2727272727272727,1.0,1.0,0.72,0.8080808080808081,1.0,0.9693877551020408,0.0,1.0,0.0,1.0
0.0,0.15384615384615385,0.15384615384615385,0.5,0.5,0.5,0.2727272727272727,1.0,0.0,0.72,0.8080808080808081,0.5918367346938775,0.8673469387755102,0.0,0.0,0.0,0.0
0.0,0.0,0.0,0.5,0.5,0.5,0.2727272727272727,1.0,0.0,0.22,0.20202020202020202,0.1836734693877551,0.05102040816326531,1.0,1.0,1.0,0.5
0.0,0.15384615384615385,0.0,0.5,0.5,0.5,0.2727272727272727,1.0,0.0,0.12,0.20202020202020202,0.3877551020408163,0.45918367346938777,1.0,1.0,1.0,0.0
0.0,0.0,0.0,0.5,0.5,0.5,0.0,1.0,1.0,0.7,0.9292929292929293,0.8469387755102041,0.8571428571428571,0.0,1.0,0.0,1.0
1.0,0.0,0.0,0.5,0.4,0.0,0.0,1.0,0.0,0.5,0.40404040404040403,0.5306122448979592,0.6632653061224489,0.0,1.0,0.0,0.0
1.0,0.0,0.0,0.5,0.4,0.0,0.2727272727272727,1.0,0.0,0.8,0.9494949494949495,0.6326530612244898,0.7755102040816326,0.0,0.0,0.0,1.0
1.0,0.0,0.0,0.5,0.4,0.0,0.09090909090909091,1.0,0.0,0.87,0.48484848484848486,0.8367346938775511,0.9693877551020408,1.0,1.0,1.0,0.0
1.0,0.0,0.0,0.5,0.4,0.0,0.45454545454545453,1.0,0.0,0.7,0.40404040404040403,0.02040816326530612,0.15306122448979592,1.0,1.0,1.0,0.5
0.0,0.0,0.0,0.0,0.2,0.0,0.0,1.0,0.0,0.65,0.8686868686868687,0.6326530612244898,0.3979591836734694,1.0,0.0,1.0,0.0
0.0,0.0,0.0,0.0,0.2,0.0,0.09090909090909091,1.0,0.0,0.15,0.06060606060606061,0.32653061224489793,0.3979591836734694,0.0,0.0,0.0,1.0
0.0,0.15384615384615385,0.15384615384615385,0.0,0.2,0.0,0.18181818181818182,1.0,1.0,0.19,0.7474747474747475,0.32653061224489793,0.16326530612244897,1.0,0.0,1.0,0.5
1.0,0.0,0.0,0.0,0.2,0.0,0.2727272727272727,1.0,0.0,0.69,0.7676767676767676,0.8367346938775511,0.9489795918367347,1.0,1.0,0.0,0.0
0.0,0.0,0.0,0.0,0.2,0.0,0.36363636363636365,1.0,0.0,0.39,0.26262626262626265,0.12244897959183673,0.4387755102040816,1.0,1.0,1.0,0.5
0.0,0.0,0.0,0.0,0.2,0.0,0.18181818181818182,1.0,0.0,0.59,0.9797979797979798,0.42857142857142855,0.7040816326530612,0.0,0.0,0.0,1.0
0.0,0.0,0.0,0.0,0.2,0.0,0.7272727272727273,1.0,0.0,0.1,0.1717171717171717,0.12244897959183673,0.3979591836734694,0.0,0.0,0.0,1.0
1.0,0.0,0.0,0.0,0.2,0.0,0.7272727272727273,1.0,1.0,0.8,0.8787878787878788,0.7346938775510204,0.6020408163265306,1.0,0.0,0.0,1.0
1.0,0.0,0.0,0.0,0.2,0.0,0.7272727272727273,1.0,0.0,0.7,1.0,0.673469387755102,0.6530612244897959,1.0,0.0,0.0,0.0
1.0,0.0,0.0,0.0,0.2,0.0,0.7272727272727273,1.0,0.0,0.8,0.9797979797979798,0.8775510204081632,0.9591836734693877,0.0,0.0,0.0,0.0
0.0,0.0,0.0,0.0,0.2,0.0,0.18181818181818182,1.0,1.0,0.69,0.3434343434343434,0.12244897959183673,0.16326530612244897,1.0,1.0,1.0,0.5
0.0,0.0,0.0,0.0,0.2,0.0,0.7272727272727273,1.0,0.0,0.1,0.1717171717171717,0.12244897959183673,0.1326530612244898,1.0,1.0,1.0,0.5
0.0,0.0,0.0,0.0,0.2,0.0,0.7272727272727273,1.0,0.0,0.61,0.9797979797979798,0.8367346938775511,0.6428571428571429,0.0,1.0,1.0,0.0
1.0,0.0,0.0,0.0,0.2,0.0,0.7272727272727273,1.0,1.0,0.21,0.2727272727272727,0.5306122448979592,0.336734693877551,0.0,0.0,1.0,0.0
0.0,0.15384615384615385,0.15384615384615385,0.0,0.2,0.0,0.09090909090909091,1.0,1.0,0.49,0.9494949494949495,0.42857142857142855,0.061224489795918366,1.0,1.0,1.0,0.0
1.0,0.38461538461538464,0.38461538461538464,0.5,0.4,0.0,0.18181818181818182,0.0,1.0,0.7,0.6464646464646465,0.42857142857142855,0.3163265306122449,1.0,1.0,0.0,0.0
1.0,0.38461538461538464,0.38461538461538464,0.5,0.4,0.0,0.18181818181818182,1.0,1.0,0.79,0.8484848484848485,0.8367346938775511,0.3673469387755102,1.0,1.0,0.0,1.0
0.0,0.38461538461538464,0.38461538461538464,0.5,0.4,0.0,0.18181818181818182,0.0,0.0,0.19,0.8080808080808081,0.12244897959183673,0.16326530612244897,0.0,0.0,1.0,0.0
0.0,0.38461538461538464,0.38461538461538464,0.5,0.4,0.0,0.18181818181818182,1.0,0.0,0.11,0.7070707070707071,0.32653061224489793,0.2857142857142857,0.0,0.0,1.0,0.0
0.0,0.38461538461538464,0.38461538461538464,0.5,0.4,0.0,0.18181818181818182,0.0,0.0,0.1,0.08080808080808081,0.10204081632653061,0.09183673469387756,0.0,1.0,1.0,0.0
0.0,0.38461538461538464,0.38461538461538464,0.5,0.4,0.0,0.18181818181818182,1.0,0.0,0.18,0.2828282828282828,0.40816326530612246,0.19387755102040816,0.0,1.0,1.0,0.0
1.0,0.38461538461538464,0.38461538461538464,0.5,0.4,0.0,0.18181818181818182,0.0,1.0,0.9,0.8484848484848485,0.5306122448979592,0.29591836734693877,1.0,0.0,0.0,1.0
1.0,0.38461538461538464,0.38461538461538464,0.5,0.4,0.0,0.18181818181818182,1.0,1.0,0.92,0.8181818181818182,0.32653061224489793,0.35714285714285715,1.0,0.0,0.0,0.0
0.0,0.38461538461538464,0.38461538461538464,0.5,0.4,0.0,0.18181818181818182,0.0,0.0,0.42,0.21212121212121213,0.02040816326530612,0.15306122448979592,1.0,1.0,0.0,0.0
0.0,0.38461538461538464,0.38461538461538464,0.5,0.4,0.0,0.18181818181818182,1.0,0.0,0.22,0.20202020202020202,0.061224489795918366,0.25510204081632654,1.0,1.0,0.0,1.0
1.0,0.07692307692307693,0.07692307692307693,0.5,0.4,0.0,0.18181818181818182,0.0,1.0,0.95,0.8282828282828283,0.8367346938775511,0.7040816326530612,0.0,0.0,0.0,1.0
1.0,0.07692307692307693,0.07692307692307693,0.5,0.4,0.0,0.18181818181818182,1.0,1.0,0.9,0.6262626262626263,0.8163265306122449,0.6020408163265306,0.0,0.0,0.0,1.0
0.0,0.8461538461538461,0.38461538461538464,0.5,0.4,0.0,0.18181818181818182,0.0,1.0,0.72,0.21212121212121213,0.22448979591836735,0.25510204081632654,0.0,0.0,0.0,1.0
0.0,0.8461538461538461,0.38461538461538464,0.5,0.4,0.0,0.18181818181818182,1.0,1.0,0.92,0.31313131313131315,0.42857142857142855,0.2653061224489796,0.0,0.0,0.0,1.0
0.0,0.8461538461538461,0.38461538461538464,0.5,0.4,0.0,0.18181818181818182,0.0,1.0,0.82,0.31313131313131315,0.5306122448979592,0.24489795918367346,1.0,0.0,0.0,0.0
0.0,0.8461538461538461,0.38461538461538464,0.5,0.4,0.0,0.18181818181818182,1.0,1.0,0.72,0.41414141414141414,0.46938775510204084,0.2653061224489796,1.0,0.0,0.0,0.0
0.0,0.9230769230769231,0.9230769230769231,0.5,0.4,0.0,0.18181818181818182,0.0,1.0,0.74,0.7171717171717171,0.5714285714285714,0.3673469387755102,1.0,0.0,0.0,1.0
0.0,0.9230769230769231,0.9230769230769231,0.5,0.4,0.0,0.18181818181818182,1.0,1.0,0.74,0.6060606060606061,0.5714285714285714,0.3673469387755102,1.0,0.0,0.0,1.0
1.0,0.38461538461538464,0.38461538461538464,0.5,0.4,0.0,0.18181818181818182,0.0,1.0,0.95,0.9494949494949495,0.7346938775510204,0.8061224489795918,1.0,0.0,0.0,1.0
1.0,0.38461538461538464,0.38461538461538464,0.5,0.4,0.0,0.18181818181818182,1.0,1.0,0.97,0.8787878787878788,0.8367346938775511,0.8673469387755102,1.0,0.0,0.0,1.0
0.0,0.38461538461538464,0.38461538461538464,0.5,0.4,0.0,0.18181818181818182,0.0,0.0,0.4,0.3838383838383838,0.32653061224489793,0.35714285714285715,1.0,1.0,1.0,0.0
0.0,0.38461538461538464,0.38461538461538464,0.5,0.4,0.0,0.18181818181818182,1.0,0.0,0.41,0.3939393939393939,0.35714285714285715,0.3877551020408163,0.0,1.0,1.0,0.0
1.0,0.38461538461538464,0.38461538461538464,0.5,0.4,0.0,0.18181818181818182,0.0,1.0,0.51,0.797979797979798,0.8673469387755102,0.8979591836734694,0.0,0.0,0.0,1.0
1.0,0.38461538461538464,0.38461538461538464,0.5,0.4,0.0,0.18181818181818182,1.0,1.0,0.81,0.797979797979798,0.9285714285714286,0.8571428571428571,0.0,0.0,0.0,1.0
0.0,0.8461538461538461,0.38461538461538464,0.5,0.4,0.0,0.18181818181818182,0.0,1.0,0.71,0.7070707070707071,0.6632653061224489,0.6938775510204082,0.0,0.0,0.0,0.0
0.0,0.8461538461538461,0.38461538461538464,0.5,0.4,0.0,0.18181818181818182,1.0,1.0,0.75,0.7171717171717171,0.7755102040816326,0.8061224489795918,0.0,0.0,0.0,0.0
1.0,0.38461538461538464,0.38461538461538464,0.0,0.2,0.0,0.2727272727272727,0.0,0.0,0.49,0.36363636363636365,0.32653061224489793,0.4387755102040816,1.0,1.0,1.0,0.5
1.0,0.38461538461538464,0.38461538461538464,0.0,0.2,0.0,0.2727272727272727,1.0,0.0,0.42,0.24242424242424243,0.12244897959183673,0.23469387755102042,1.0,1.0,1.0,0.5
1.0,0.8461538461538461,0.8461538461538461,0.0,0.2,0.0,0.2727272727272727,0.0,1.0,0.9,0.8686868686868687,0.8367346938775511,0.7448979591836735,0.0,0.0,0.0,1.0
1.0,0.8461538461538461,0.8461538461538461,0.0,0.2,0.0,0.2727272727272727,1.0,1.0,0.62,0.6464646464646465,0.7346938775510204,0.8469387755102041,0.0,0.0,0.0,1.0
0.0,0.9230769230769231,0.9230769230769231,0.0,0.2,0.0,0.2727272727272727,0.0,0.0,0.9,0.8686868686868687,0.8367346938775511,0.7448979591836735,0.0,0.0,1.0,0.0
0.0,0.9230769230769231,0.9230769230769231,0.0,0.2,0.0,0.2727272727272727,1.0,0.0,0.62,0.6464646464646465,0.7346938775510204,0.8469387755102041,0.0,0.0,1.0,0.0
1.0,0.38461538461538464,0.38461538461538464,0.0,0.2,0.0,0.2727272727272727,0.0,1.0,0.98,0.8787878787878788,0.8775510204081632,0.8469387755102041,1.0,0.0,0.0,1.0
1.0,0.38461538461538464,0.38461538461538464,0.0,0.2,0.0,0.2727272727272727,1.0,1.0,0.72,0.7474747474747475,0.8367346938775511,0.8979591836734694,1.0,0.0,0.0,1.0
0.0,0.38461538461538464,0.38461538461538464,0.0,0.2,0.0,0.2727272727272727,0.0,0.0,0.18,0.1717171717171717,0.2653061224489796,0.336734693877551,1.0,0.0,1.0,0.0
0.0,0.38461538461538464,0.38461538461538464,0.0,0.2,0.0,0.2727272727272727,1.0,0.0,0.32,0.1414141414141414,0.32653061224489793,0.2857142857142857,1.0,0.0,1.0,0.0
0.0,0.38461538461538464,0.38461538461538464,0.0,0.2,0.0,0.2727272727272727,0.0,0.0,0.1,0.12121212121212122,0.20408163265306123,0.12244897959183673,1.0,1.0,1.0,0.5
0.0,0.38461538461538464,0.38461538461538464,0.0,0.2,0.0,0.2727272727272727,1.0,0.0,0.22,0.3434343434343434,0.15306122448979592,0.08163265306122448,1.0,1.0,1.0,0.5
1.0,0.38461538461538464,0.38461538461538464,0.0,0.2,0.5,0.2727272727272727,0.0,1.0,0.11,0.20202020202020202,0.21428571428571427,0.22448979591836735,1.0,1.0,0.0,0.0
1.0,0.38461538461538464,0.38461538461538464,0.0,0.2,0.5,0.2727272727272727,1.0,1.0,0.12,0.4444444444444444,0.25510204081632654,0.3877551020408163,1.0,1.0,0.0,0.0
1.0,0.38461538461538464,0.38461538461538464,0.0,0.2,0.5,0.2727272727272727,0.0,0.0,0.15,0.5050505050505051,0.24489795918367346,0.42857142857142855,0.0,1.0,0.0,0.0
1.0,0.38461538461538464,0.38461538461538464,0.0,0.2,0.5,0.2727272727272727,1.0,0.0,0.32,0.4444444444444444,0.29591836734693877,0.8979591836734694,0.0,1.0,0.0,0.0
0.0,0.38461538461538464,0.38461538461538464,0.0,0.2,0.5,0.2727272727272727,0.0,1.0,0.65,0.5959595959595959,0.7551020408163265,0.8367346938775511,0.0,0.0,0.0,1.0
0.0,0.38461538461538464,0.38461538461538464,0.0,0.2,0.5,0.2727272727272727,1.0,1.0,0.72,0.6464646464646465,0.6020408163265306,0.8979591836734694,0.0,0.0,0.0,1.0
0.0,0.8461538461538461,0.38461538461538464,0.0,0.2,0.5,0.2727272727272727,0.0,1.0,0.95,0.5757575757575758,0.7551020408163265,0.8979591836734694,0.0,0.0,1.0,0.0
0.0,0.8461538461538461,0.38461538461538464,0.0,0.2,0.5,0.2727272727272727,1.0,1.0,0.82,0.8484848484848485,0.8061224489795918,0.7959183673469388,0.0,0.0,1.0,0.0
0.0,0.38461538461538464,0.38461538461538464,0.0,0.2,0.5,0.2727272727272727,0.0,0.0,0.25,0.29292929292929293,0.3469387755102041,0.32653061224489793,1.0,0.0,1.0,0.0
0.0,0.38461538461538464,0.38461538461538464,0.0,0.2,0.5,0.2727272727272727,1.0,0.0,0.42,0.3434343434343434,0.29591836734693877,0.3877551020408163,1.0,0.0,1.0,0.0
1.0,0.38461538461538464,0.38461538461538464,0.0,0.2,0.5,0.2727272727272727,0.0,1.0,0.55,0.797979797979798,0.4489795918367347,0.42857142857142855,0.0,0.0,0.0,1.0
1.0,0.38461538461538464,0.38461538461538464,0.0,0.2,0.5,0.2727272727272727,1.0,1.0,0.62,0.6464646464646465,0.7040816326530612,0.4897959183673469,0.0,0.0,0.0,1.0
1.0,0.38461538461538464,0.07692307692307693,0.0,0.2,0.5,0.2727272727272727,0.0,1.0,0.78,0.8888888888888888,0.7551020408163265,0.8367346938775511,0.0,0.0,0.0,1.0
1.0,0.38461538461538464,0.07692307692307693,0.0,0.2,0.5,0.2727272727272727,1.0,1.0,0.72,0.8484848484848485,0.9081632653061225,0.8979591836734694,0.0,0.0,0.0,1.0
0.0,0.38461538461538464,0.38461538461538464,0.0,0.0,0.0,0.6363636363636364,0.0,1.0,0.6,0.9292929292929293,0.8469387755102041,0.22448979591836735,0.0,0.0,0.0,1.0
0.0,0.38461538461538464,0.38461538461538464,0.0,0.0,0.0,0.6363636363636364,1.0,1.0,0.5,0.9090909090909091,0.8469387755102041,0.12244897959183673,0.0,0.0,0.0,1.0
1.0,0.38461538461538464,0.38461538461538464,0.0,0.0,0.0,0.6363636363636364,0.0,1.0,0.6,0.9797979797979798,0.1326530612244898,0.02040816326530612,0.0,0.0,0.0,1.0
1.0,0.38461538461538464,0.38461538461538464,0.0,0.0,0.0,0.6363636363636364,1.0,1.0,0.5,0.9595959595959596,0.23469387755102042,0.09183673469387756,0.0,0.0,0.0,1.0
1.0,0.38461538461538464,0.38461538461538464,0.0,0.0,0.0,0.6363636363636364,0.0,1.0,0.6,0.8787878787878788,0.23469387755102042,0.10204081632653061,0.0,0.0,1.0,0.0
1.0,0.38461538461538464,0.38461538461538464,0.0,0.0,0.0,0.6363636363636364,1.0,1.0,0.5,0.8080808080808081,0.20408163265306123,0.14285714285714285,0.0,0.0,1.0,0.0
0.0,0.38461538461538464,0.38461538461538464,0.0,0.0,0.0,0.6363636363636364,0.0,0.0,0.1,0.15151515151515152,0.10204081632653061,0.20408163265306123,1.0,1.0,1.0,0.5
0.0,0.38461538461538464,0.38461538461538464,0.0,0.0,0.0,0.6363636363636364,1.0,0.0,0.3,0.10101010101010101,0.20408163265306123,0.04081632653061224,1.0,1.0,1.0,0.5
0.0,0.6923076923076923,0.6923076923076923,0.0,0.0,0.0,0.6363636363636364,0.0,0.0,0.24,0.35353535353535354,0.1836734693877551,0.30612244897959184,1.0,1.0,0.0,0.0
0.0,0.6923076923076923,0.6923076923076923,0.0,0.0,0.0,0.6363636363636364,1.0,0.0,0.27,0.20202020202020202,0.336734693877551,0.3469387755102041,1.0,1.0,0.0,0.0
0.0,0.38461538461538464,0.38461538461538464,0.0,0.0,0.0,0.6363636363636364,0.0,0.0,0.1,0.15151515151515152,0.10204081632653061,0.20408163265306123,1.0,1.0,1.0,0.5
0.0,0.38461538461538464,0.38461538461538464,0.0,0.0,0.0,0.6363636363636364,1.0,0.0,0.3,0.10101010101010101,0.20408163265306123,0.04081632653061224,1.0,1.0,1.0,0.5
1.0,0.38461538461538464,0.8461538461538461,0.0,0.0,0.0,0.6363636363636364,0.0,1.0,0.8,0.7777777777777778,0.6428571428571429,0.8367346938775511,0.0,0.0,0.0,0.0
1.0,0.38461538461538464,0.8461538461538461,0.0,0.0,0.0,0.6363636363636364,1.0,1.0,0.75,0.8585858585858586,0.7448979591836735,0.8061224489795918,0.0,0.0,0.0,0.0
0.0,0.38461538461538464,0.38461538461538464,0.0,0.0,0.0,0.6363636363636364,0.0,0.0,0.4,0.0707070707070707,0.5102040816326531,0.40816326530612246,1.0,0.0,1.0,0.5
0.0,0.38461538461538464,0.38461538461538464,0.0,0.0,0.0,0.6363636363636364,1.0,0.0,0.35,0.020202020202020204,0.29591836734693877,0.32653061224489793,1.0,0.0,1.0,0.5
1.0,0.38461538461538464,0.38461538461538464,0.0,0.0,0.0,0.6363636363636364,0.0,1.0,0.1,0.9090909090909091,0.30612244897959184,0.20408163265306123,1.0,0.0,0.0,0.0
1.0,0.38461538461538464,0.38461538461538464,0.0,0.0,0.0,0.6363636363636364,1.0,1.0,0.25,0.8080808080808081,0.29591836734693877,0.22448979591836735,1.0,0.0,0.0,0.0
0.0,1.0,1.0,0.0,0.0,0.0,0.6363636363636364,0.0,1.0,0.1,0.08080808080808081,0.09183673469387756,0.02040816326530612,1.0,0.0,1.0,0.5
0.0,1.0,1.0,0.0,0.0,0.0,0.6363636363636364,1.0,1.0,0.15,0.0707070707070707,0.12244897959183673,0.061224489795918366,1.0,0.0,1.0,0.5
1.0,0.8461538461538461,0.38461538461538464,0.0,0.0,0.0,0.6363636363636364,0.0,1.0,0.7,0.9090909090909091,0.20408163265306123,0.20408163265306123,1.0,0.0,0.0,0.0
1.0,0.8461538461538461,0.38461538461538464,0.0,0.0,0.0,0.6363636363636364,1.0,1.0,0.75,0.8080808080808081,0.15306122448979592,0.19387755102040816,1.0,0.0,0.0,0.0
1.0,0.8461538461538461,0.38461538461538464,0.0,0.0,0.5,0.6363636363636364,0.0,0.0,0.78,0.98989898989899,0.10204081632653061,0.10204081632653061,1.0,0.0,0.0,0.0
1.0,0.8461538461538461,0.38461538461538464,0.0,0.0,0.5,0.6363636363636364,1.0,0.0,0.79,0.898989898989899,0.11224489795918367,0.1326530612244898,1.0,0.0,0.0,0.0
1.0,0.9230769230769231,0.9230769230769231,0.0,0.0,0.5,0.6363636363636364,0.0,0.0,0.16,0.9090909090909091,0.15306122448979592,0.10204081632653061,1.0,0.0,0.0,0.0
1.0,0.9230769230769231,0.9230769230769231,0.0,0.0,0.5,0.6363636363636364,1.0,0.0,0.17,0.8080808080808081,0.1326530612244898,0.09183673469387756,1.0,0.0,0.0,0.0
0.0,0.38461538461538464,0.38461538461538464,0.0,0.0,0.5,0.6363636363636364,0.0,1.0,0.4,0.8787878787878788,0.5102040816326531,0.40816326530612246,1.0,1.0,0.0,0.0
0.0,0.38461538461538464,0.38461538461538464,0.0,0.0,0.5,0.6363636363636364,1.0,1.0,0.35,0.9292929292929293,0.29591836734693877,0.32653061224489793,1.0,1.0,0.0,0.0
1.0,0.38461538461538464,0.38461538461538464,0.0,0.0,0.5,0.6363636363636364,0.0,1.0,0.14,0.9797979797979798,0.15306122448979592,0.1326530612244898,1.0,0.0,0.0,1.0
1.0,0.38461538461538464,0.38461538461538464,0.0,0.0,0.5,0.6363636363636364,0.0,1.0,0.13,0.8282828282828283,0.20408163265306123,0.29591836734693877,1.0,0.0,0.0,1.0
1.0,0.38461538461538464,0.38461538461538464,0.0,0.0,0.5,0.6363636363636364,1.0,1.0,0.24,0.9797979797979798,0.15306122448979592,0.1326530612244898,1.0,0.0,0.0,1.0
1.0,0.38461538461538464,0.38461538461538464,0.0,0.0,0.5,0.6363636363636364,1.0,1.0,0.23,0.8282828282828283,0.20408163265306123,0.29591836734693877,1.0,0.0,0.0,1.0
0.0,1.0,1.0,0.0,0.0,0.5,0.6363636363636364,0.0,1.0,0.2,0.030303030303030304,0.09183673469387756,0.02040816326530612,1.0,0.0,1.0,0.5
0.0,1.0,1.0,0.0,0.0,0.5,0.6363636363636364,1.0,1.0,0.15,0.04040404040404041,0.12244897959183673,0.061224489795918366,1.0,0.0,1.0,0.5
0.0,0.15384615384615385,0.15384615384615385,0.0,0.0,0.5,0.6363636363636364,0.0,1.0,0.05,0.13131313131313133,0.061224489795918366,0.05102040816326531,1.0,0.0,1.0,0.5
0.0,0.15384615384615385,0.15384615384615385,0.0,0.0,0.5,0.6363636363636364,1.0,1.0,0.07,0.09090909090909091,0.11224489795918367,0.09183673469387756,1.0,0.0,1.0,0.5
1.0,0.38461538461538464,0.38461538461538464,0.0,0.0,0.5,0.6363636363636364,0.0,1.0,0.1,0.9494949494949495,0.40816326530612246,0.10204081632653061,0.0,0.0,0.0,0.0
1.0,0.38461538461538464,0.38461538461538464,0.0,0.0,0.5,0.6363636363636364,1.0,1.0,0.25,0.898989898989899,0.21428571428571427,0.12244897959183673,0.0,0.0,0.0,0.0
0.0,0.38461538461538464,0.38461538461538464,0.0,0.0,0.5,0.6363636363636364,0.0,1.0,0.3,0.98989898989899,0.42857142857142855,0.20408163265306123,0.0,0.0,0.0,1.0
0.0,0.38461538461538464,0.38461538461538464,0.0,0.0,0.5,0.6363636363636364,1.0,1.0,0.35,0.9797979797979798,0.41836734693877553,0.22448979591836735,0.0,0.0,0.0,1.0
0.0,0.38461538461538464,0.38461538461538464,0.0,0.0,0.5,0.6363636363636364,0.0,0.0,0.32,0.8888888888888888,0.32653061224489793,0.24489795918367346,0.0,0.0,0.0,0.0
0.0,0.38461538461538464,0.38461538461538464,0.0,0.0,0.5,0.6363636363636364,1.0,0.0,0.25,0.8787878787878788,0.21428571428571427,0.2653061224489796,0.0,0.0,0.0,0.0
1.0,0.07692307692307693,0.07692307692307693,0.0,0.0,0.5,0.6363636363636364,0.0,1.0,0.72,0.98989898989899,0.5306122448979592,0.14285714285714285,0.0,0.0,0.0,1.0
1.0,0.07692307692307693,0.07692307692307693,0.0,0.0,0.5,0.6363636363636364,1.0,1.0,0.75,0.9090909090909091,0.5204081632653061,0.16326530612244897,0.0,0.0,0.0,1.0
0.0,0.38461538461538464,0.38461538461538464,0.0,0.0,0.0,0.36363636363636365,0.0,0.0,0.2,0.8888888888888888,0.3163265306122449,0.2755102040816326,0.0,0.0,1.0,0.0
0.0,0.38461538461538464,0.38461538461538464,0.0,0.0,0.0,0.36363636363636365,1.0,0.0,0.1,0.98989898989899,0.41836734693877553,0.37755102040816324,0.0,0.0,1.0,0.0
0.0,0.8461538461538461,0.38461538461538464,0.0,0.0,0.0,0.36363636363636365,0.0,0.0,0.9,0.98989898989899,0.41836734693877553,0.37755102040816324,0.0,0.0,0.0,1.0
0.0,0.8461538461538461,0.38461538461538464,0.0,0.0,0.0,0.36363636363636365,1.0,0.0,0.8,0.8888888888888888,0.5204081632653061,0.3877551020408163,0.0,0.0,0.0,1.0
0.0,0.9230769230769231,0.9230769230769231,0.0,0.0,0.0,0.36363636363636365,0.0,0.0,0.8,0.9595959595959596,0.21428571428571427,0.2755102040816326,0.0,0.0,0.0,1.0
0.0,0.9230769230769231,0.9230769230769231,0.0,0.0,0.0,0.36363636363636365,1.0,0.0,0.78,0.7070707070707071,0.3163265306122449,0.2857142857142857,0.0,0.0,0.0,1.0
0.0,0.38461538461538464,0.38461538461538464,0.0,0.0,0.0,0.36363636363636365,0.0,0.0,0.1,0.18181818181818182,0.7244897959183674,0.37755102040816324,0.0,0.0,1.0,0.0
0.0,0.38461538461538464,0.38461538461538464,0.0,0.0,0.0,0.36363636363636365,1.0,0.0,0.1,0.5858585858585859,0.5204081632653061,0.47959183673469385,0.0,0.0,1.0,0.0
1.0,0.8461538461538461,0.38461538461538464,0.0,0.0,0.0,0.36363636363636365,0.0,1.0,0.98,0.8888888888888888,0.6122448979591837,0.30612244897959184,1.0,0.0,0.0,1.0
1.0,0.8461538461538461,0.38461538461538464,0.0,0.0,0.0,0.36363636363636365,1.0,1.0,0.75,0.8181818181818182,0.5204081632653061,0.336734693877551,1.0,0.0,0.0,1.0
0.0,0.38461538461538464,0.38461538461538464,0.0,0.0,0.0,0.36363636363636365,0.0,0.0,0.1,0.1717171717171717,0.5102040816326531,0.20408163265306123,1.0,1.0,0.0,0.0
0.0,0.38461538461538464,0.38461538461538464,0.0,0.0,0.0,0.36363636363636365,1.0,0.0,0.35,0.020202020202020204,0.29591836734693877,0.22448979591836735,1.0,1.0,0.0,0.0
1.0,0.38461538461538464,0.38461538461538464,0.0,0.0,0.0,0.36363636363636365,0.0,0.0,0.1,0.20202020202020202,0.22448979591836735,0.9795918367346939,1.0,1.0,1.0,0.5
1.0,0.38461538461538464,0.38461538461538464,0.0,0.0,0.0,0.36363636363636365,1.0,0.0,0.05,0.09090909090909091,0.19387755102040816,0.9897959183673469,1.0,1.0,1.0,0.5
0.0,0.38461538461538464,0.38461538461538464,0.0,0.0,0.5,0.36363636363636365,0.0,0.0,0.1,0.10101010101010101,0.40816326530612246,0.5102040816326531,1.0,1.0,1.0,0.5
0.0,0.38461538461538464,0.38461538461538464,0.0,0.0,0.5,0.36363636363636365,1.0,0.0,0.35,0.020202020202020204,0.29591836734693877,0.22448979591836735,1.0,1.0,1.0,0.5
0.0,0.38461538461538464,0.38461538461538464,0.0,0.0,0.5,0.36363636363636365,0.0,1.0,0.2,0.9090909090909091,0.5102040816326531,0.6122448979591837,0.0,1.0,1.0,0.0
0.0,0.38461538461538464,0.38461538461538464,0.0,0.0,0.5,0.36363636363636365,1.0,1.0,0.32,0.8282828282828283,0.6020408163265306,0.6326530612244898,0.0,1.0,1.0,0.0
0.0,0.38461538461538464,0.38461538461538464,0.0,0.0,0.5,0.36363636363636365,0.0,0.0,0.1,0.30303030303030304,0.5102040816326531,0.9183673469387755,0.0,1.0,1.0,0.5
0.0,0.38461538461538464,0.38461538461538464,0.0,0.0,0.5,0.36363636363636365,1.0,0.0,0.12,0.2222222222222222,0.6020408163265306,0.8367346938775511,0.0,1.0,1.0,0.5
1.0,0.38461538461538464,0.38461538461538464,0.0,0.0,0.5,0.36363636363636365,0.0,0.0,0.11,0.20202020202020202,0.20408163265306123,0.9897959183673469,1.0,1.0,1.0,0.5
1.0,0.38461538461538464,0.38461538461538464,0.0,0.0,0.5,0.36363636363636365,1.0,0.0,0.1,0.12121212121212122,0.29591836734693877,0.9387755102040817,1.0,1.0,1.0,0.5
0.0,0.9230769230769231,0.9230769230769231,0.0,0.0,0.5,0.36363636363636365,0.0,1.0,0.69,0.8282828282828283,0.20408163265306123,0.2755102040816326,0.0,0.0,0.0,1.0
0.0,0.9230769230769231,0.9230769230769231,0.0,0.0,0.5,0.36363636363636365,1.0,1.0,0.7,0.8383838383838383,0.29591836734693877,0.32653061224489793,0.0,0.0,0.0,1.0
1.0,0.9230769230769231,0.9230769230769231,0.0,0.0,0.5,0.36363636363636365,0.0,1.0,0.89,0.9292929292929293,0.40816326530612246,0.2755102040816326,0.0,0.0,0.0,1.0
1.0,0.9230769230769231,0.9230769230769231,0.0,0.0,0.5,0.36363636363636365,1.0,1.0,0.79,0.9393939393939394,0.5,0.22448979591836735,0.0,0.0,0.0,1.0
0.0,0.38461538461538464,0.38461538461538464,0.0,0.0,0.5,0.36363636363636365,0.0,1.0,0.15,0.9090909090909091,0.21428571428571427,0.9795918367346939,0.0,0.0,0.0,0.0
0.0,0.38461538461538464,0.38461538461538464,0.0,0.0,0.5,0.36363636363636365,1.0,1.0,0.2,0.7777777777777778,0.3163265306122449,0.8877551020408163,0.0,0.0,0.0,0.0
0.0,0.38461538461538464,0.23076923076923078,0.0,0.0,0.5,0.36363636363636365,0.0,1.0,0.04,0.10101010101010101,0.11224489795918367,0.061224489795918366,1.0,0.0,1.0,0.5
0.0,0.38461538461538464,0.23076923076923078,0.0,0.0,0.5,0.36363636363636365,1.0,1.0,0.05,0.0,0.01020408163265306,0.07142857142857142,1.0,0.0,1.0,0.5
1.0,0.38461538461538464,0.38461538461538464,0.5,0.5,0.0,0.8181818181818182,0.0,1.0,0.88,0.8181818181818182,0.5102040816326531,0.09183673469387756,0.0,0.0,1.0,0.0
1.0,0.38461538461538464,0.38461538461538464,0.5,0.5,0.0,0.8181818181818182,1.0,1.0,0.9,0.8888888888888888,0.5510204081632653,0.11224489795918367,0.0,0.0,1.0,0.0
1.0,0.9230769230769231,0.9230769230769231,0.5,0.5,0.0,0.8181818181818182,0.0,1.0,0.86,0.98989898989899,0.5102040816326531,0.19387755102040816,0.0,0.0,0.0,1.0
1.0,0.9230769230769231,0.9230769230769231,0.5,0.5,0.0,0.8181818181818182,1.0,1.0,0.9,0.9090909090909091,0.5816326530612245,0.21428571428571427,0.0,0.0,0.0,1.0
0.0,0.38461538461538464,0.8461538461538461,0.5,0.5,0.0,0.8181818181818182,0.0,1.0,0.78,0.9191919191919192,0.5102040816326531,0.3979591836734694,0.0,0.0,0.0,1.0
0.0,0.38461538461538464,0.8461538461538461,0.5,0.5,0.0,0.8181818181818182,1.0,1.0,0.7,0.98989898989899,0.5510204081632653,0.7244897959183674,0.0,0.0,0.0,1.0
0.0,0.38461538461538464,0.38461538461538464,0.5,0.5,0.0,0.8181818181818182,0.0,0.0,0.8,0.8080808080808081,0.46938775510204084,0.6122448979591837,0.0,1.0,0.0,0.0
0.0,0.38461538461538464,0.38461538461538464,0.5,0.5,0.0,0.8181818181818182,1.0,0.0,0.85,0.8282828282828283,0.6020408163265306,0.6326530612244898,0.0,1.0,0.0,0.0
0.0,0.8461538461538461,0.8461538461538461,0.5,0.5,0.0,0.8181818181818182,0.0,0.0,0.88,0.9090909090909091,0.8775510204081632,0.8163265306122449,0.0,0.0,0.0,1.0
0.0,0.8461538461538461,0.8461538461538461,0.5,0.5,0.0,0.8181818181818182,1.0,0.0,0.89,0.9292929292929293,0.9081632653061225,0.8367346938775511,0.0,0.0,0.0,1.0
0.0,0.38461538461538464,0.38461538461538464,0.5,0.5,0.0,0.8181818181818182,0.0,0.0,0.39,0.7171717171717171,0.40816326530612246,0.25510204081632654,1.0,0.0,1.0,0.0
0.0,0.38461538461538464,0.38461538461538464,0.5,0.5,0.0,0.8181818181818182,1.0,0.0,0.35,0.8080808080808081,0.3469387755102041,0.21428571428571427,1.0,0.0,1.0,0.0
0.0,0.38461538461538464,0.38461538461538464,0.5,0.5,0.0,0.8181818181818182,0.0,0.0,0.76,0.8181818181818182,0.8163265306122449,0.8673469387755102,1.0,0.0,0.0,1.0
0.0,0.38461538461538464,0.38461538461538464,0.5,0.5,0.0,0.8181818181818182,1.0,0.0,0.65,0.898989898989899,0.6530612244897959,0.826530612244898,1.0,0.0,0.0,1.0
1.0,0.6923076923076923,0.6923076923076923,0.5,0.5,0.0,0.8181818181818182,0.0,1.0,0.96,0.9595959595959596,0.7142857142857143,0.7040816326530612,0.0,0.0,0.0,1.0
1.0,0.6923076923076923,0.6923076923076923,0.5,0.5,0.0,0.8181818181818182,1.0,1.0,0.8,0.9191919191919192,0.8877551020408163,0.7244897959183674,0.0,0.0,0.0,1.0
0.0,0.38461538461538464,0.38461538461538464,0.5,0.5,0.0,0.8181818181818182,0.0,1.0,0.02,0.09090909090909091,0.10204081632653061,0.0,1.0,1.0,1.0,0.5
0.0,0.38461538461538464,0.38461538461538464,0.5,0.5,0.0,0.8181818181818182,1.0,1.0,0.03,0.08080808080808081,0.19387755102040816,0.02040816326530612,1.0,1.0,1.0,0.5
0.0,0.38461538461538464,0.38461538461538464,0.5,0.5,0.5,0.8181818181818182,0.0,0.0,0.5,0.797979797979798,0.10204081632653061,0.30612244897959184,1.0,1.0,0.0,0.0
0.0,0.38461538461538464,0.38461538461538464,0.5,0.5,0.5,0.8181818181818182,1.0,0.0,0.53,0.8888888888888888,0.09183673469387756,0.32653061224489793,1.0,1.0,0.0,0.0
1.0,0.38461538461538464,0.38461538461538464,0.5,0.5,0.5,0.8181818181818182,0.0,1.0,0.7,0.898989898989899,0.12244897959183673,0.20408163265306123,1.0,0.0,0.0,1.0
1.0,0.38461538461538464,0.38461538461538464,0.5,0.5,0.5,0.8181818181818182,1.0,1.0,0.59,0.9090909090909091,0.19387755102040816,0.42857142857142855,1.0,0.0,0.0,1.0
0.0,0.8461538461538461,0.38461538461538464,0.5,0.5,0.5,0.8181818181818182,0.0,0.0,0.78,0.8080808080808081,0.673469387755102,0.5102040816326531,0.0,0.0,0.0,0.0
0.0,0.8461538461538461,0.38461538461538464,0.5,0.5,0.5,0.8181818181818182,1.0,0.0,0.79,0.7272727272727273,0.8061224489795918,0.8367346938775511,0.0,0.0,0.0,0.0
1.0,1.0,1.0,0.5,0.5,0.5,0.8181818181818182,0.0,1.0,0.1,0.09090909090909091,0.02040816326530612,0.0,1.0,0.0,1.0,0.5
1.0,1.0,1.0,0.5,0.5,0.5,0.8181818181818182,1.0,1.0,0.09,0.0707070707070707,0.09183673469387756,0.02040816326530612,1.0,0.0,1.0,0.5
0.0,0.9230769230769231,0.9230769230769231,0.5,0.5,0.5,0.8181818181818182,0.0,0.0,0.98,0.9090909090909091,0.8775510204081632,0.7142857142857143,0.0,0.0,0.0,1.0
0.0,0.9230769230769231,0.9230769230769231,0.5,0.5,0.5,0.8181818181818182,1.0,0.0,0.89,0.9292929292929293,0.9081632653061225,0.8367346938775511,0.0,0.0,0.0,1.0
0.0,0.8461538461538461,0.38461538461538464,0.5,0.5,0.5,0.8181818181818182,0.0,0.0,0.88,0.9090909090909091,0.7755102040816326,0.8163265306122449,0.0,0.0,0.0,1.0
0.0,0.8461538461538461,0.38461538461538464,0.5,0.5,0.5,0.8181818181818182,1.0,0.0,0.99,0.9696969696969697,0.9081632653061225,0.8469387755102041,0.0,0.0,0.0,1.0
1.0,0.38461538461538464,0.38461538461538464,0.5,0.6,0.0,0.9090909090909091,0.0,1.0,0.82,0.898989898989899,0.22448979591836735,0.30612244897959184,0.0,0.0,0.0,1.0
1.0,0.38461538461538464,0.38461538461538464,0.5,0.6,0.0,0.9090909090909091,1.0,1.0,0.84,0.9292929292929293,0.29591836734693877,0.42857142857142855,0.0,0.0,0.0,1.0
1.0,0.38461538461538464,0.38461538461538464,0.5,0.6,0.0,1.0,0.0,1.0,0.7,0.696969696969697,0.46938775510204084,0.4489795918367347,0.0,0.0,1.0,0.0
1.0,0.38461538461538464,0.38461538461538464,0.5,0.6,0.0,1.0,1.0,1.0,0.74,0.6262626262626263,0.5,0.42857142857142855,0.0,0.0,1.0,0.0
1.0,0.38461538461538464,0.38461538461538464,0.5,0.6,0.0,1.0,0.0,1.0,0.9,0.797979797979798,0.7755102040816326,0.7959183673469388,0.0,0.0,0.0,1.0
1.0,0.38461538461538464,0.38461538461538464,0.5,0.6,0.0,1.0,1.0,1.0,0.84,0.7777777777777778,0.8061224489795918,0.6836734693877551,0.0,0.0,0.0,1.0
0.0,0.38461538461538464,0.38461538461538464,0.5,0.6,0.0,0.9090909090909091,0.0,1.0,0.8,0.8080808080808081,0.6326530612244898,0.10204081632653061,0.0,0.0,1.0,0.0
0.0,0.38461538461538464,0.38461538461538464,0.5,0.6,0.0,0.9090909090909091,1.0,1.0,0.81,0.8282828282828283,0.7040816326530612,0.12244897959183673,0.0,0.0,1.0,0.0
0.0,0.38461538461538464,0.23076923076923078,0.5,0.6,0.0,0.9090909090909091,0.0,0.0,0.1,0.0,0.02040816326530612,0.40816326530612246,1.0,1.0,1.0,0.5
0.0,0.38461538461538464,0.23076923076923078,0.5,0.6,0.0,0.9090909090909091,1.0,0.0,0.11,0.020202020202020204,0.09183673469387756,0.4897959183673469,1.0,1.0,1.0,0.5
0.0,0.38461538461538464,0.23076923076923078,0.5,0.6,0.0,1.0,0.0,0.0,0.85,0.898989898989899,0.22448979591836735,0.6122448979591837,1.0,1.0,0.0,1.0
0.0,0.38461538461538464,0.23076923076923078,0.5,0.6,0.0,1.0,1.0,0.0,0.8,0.898989898989899,0.23469387755102042,0.6836734693877551,1.0,1.0,0.0,1.0
0.0,0.38461538461538464,0.23076923076923078,0.5,0.6,0.0,1.0,0.0,0.0,0.95,0.8787878787878788,0.6326530612244898,0.8163265306122449,1.0,1.0,0.0,0.0
0.0,0.38461538461538464,0.23076923076923078,0.5,0.6,0.0,1.0,1.0,0.0,0.87,0.797979797979798,0.7448979591836735,0.9897959183673469,1.0,1.0,0.0,0.0
0.0,0.38461538461538464,0.38461538461538464,0.5,0.6,0.0,0.9090909090909091,0.0,1.0,0.85,0.8787878787878788,0.7346938775510204,0.09183673469387756,0.0,0.0,1.0,0.0
0.0,0.38461538461538464,0.38461538461538464,0.5,0.6,0.0,0.9090909090909091,1.0,1.0,0.79,0.8888888888888888,0.8061224489795918,0.19387755102040816,0.0,0.0,1.0,0.0
0.0,0.38461538461538464,0.38461538461538464,0.5,0.6,0.0,1.0,0.0,1.0,0.8,0.8181818181818182,0.7244897959183674,0.29591836734693877,0.0,0.0,0.0,0.0
0.0,0.38461538461538464,0.38461538461538464,0.5,0.6,0.0,1.0,1.0,1.0,0.7,0.8383838383838383,0.7142857142857143,0.22448979591836735,0.0,0.0,0.0,0.0
0.0,0.38461538461538464,0.38461538461538464,0.5,0.6,0.0,0.9090909090909091,0.0,1.0,0.8,0.8282828282828283,0.7755102040816326,0.1836734693877551,0.0,0.0,0.0,0.0
0.0,0.38461538461538464,0.38461538461538464,0.5,0.6,0.0,0.9090909090909091,1.0,1.0,0.7,0.8282828282828283,0.7653061224489796,0.2857142857142857,0.0,0.0,0.0,0.0
0.0,0.38461538461538464,0.38461538461538464,0.5,0.6,0.0,1.0,0.0,1.0,0.89,0.8787878787878788,0.8775510204081632,0.14285714285714285,0.0,0.0,0.0,0.0
0.0,0.38461538461538464,0.38461538461538464,0.5,0.6,0.0,1.0,1.0,1.0,0.9,0.8686868686868687,0.8673469387755102,0.09183673469387756,0.0,0.0,0.0,0.0
0.0,0.38461538461538464,0.38461538461538464,0.5,0.6,0.0,0.7272727272727273,0.0,1.0,0.69,0.7777777777777778,0.7755102040816326,0.7551020408163265,0.0,0.0,1.0,0.0
0.0,0.38461538461538464,0.38461538461538464,0.5,0.6,0.0,0.7272727272727273,1.0,1.0,0.7,0.7676767676767676,0.6632653061224489,0.7040816326530612,0.0,0.0,1.0,0.0
0.0,0.38461538461538464,0.38461538461538464,0.5,0.6,0.0,0.9090909090909091,0.0,1.0,0.75,0.7272727272727273,0.6530612244897959,0.3877551020408163,0.0,0.0,1.0,0.5
0.0,0.38461538461538464,0.38461538461538464,0.5,0.6,0.0,0.9090909090909091,1.0,1.0,0.72,0.7676767676767676,0.673469387755102,0.3979591836734694,0.0,0.0,1.0,0.5
0.0,0.38461538461538464,0.38461538461538464,0.5,0.6,0.0,1.0,0.0,1.0,0.77,0.8282828282828283,0.7551020408163265,0.7959183673469388,0.0,0.0,0.0,0.0
0.0,0.38461538461538464,0.38461538461538464,0.5,0.6,0.0,1.0,1.0,1.0,0.71,0.8484848484848485,0.6836734693877551,0.8061224489795918,0.0,0.0,0.0,0.0
0.0,0.38461538461538464,0.38461538461538464,0.5,0.6,0.0,0.7272727272727273,0.0,1.0,0.87,0.9292929292929293,0.7551020408163265,0.8979591836734694,0.0,0.0,0.0,1.0
0.0,0.38461538461538464,0.38461538461538464,0.5,0.6,0.0,0.7272727272727273,1.0,1.0,0.81,0.8484848484848485,0.7857142857142857,0.8571428571428571,0.0,0.0,0.0,1.0
1.0,0.38461538461538464,0.38461538461538464,0.5,0.6,0.0,0.9090909090909091,0.0,0.0,0.15,0.9797979797979798,0.22448979591836735,0.09183673469387756,0.0,0.0,0.0,1.0
1.0,0.38461538461538464,0.38461538461538464,0.5,0.6,0.0,0.9090909090909091,1.0,0.0,0.19,0.98989898989899,0.20408163265306123,0.01020408163265306,0.0,0.0,0.0,1.0
1.0,0.38461538461538464,0.38461538461538464,0.5,0.6,0.0,1.0,0.0,0.0,0.25,0.8282828282828283,0.5306122448979592,0.19387755102040816,0.0,0.0,1.0,0.0
1.0,0.38461538461538464,0.38461538461538464,0.5,0.6,0.0,1.0,1.0,0.0,0.29,0.7878787878787878,0.40816326530612246,0.11224489795918367,0.0,0.0,1.0,0.0
1.0,0.38461538461538464,0.38461538461538464,0.5,0.6,0.0,0.7272727272727273,0.0,0.0,0.45,0.8787878787878788,0.5816326530612245,0.8061224489795918,0.0,0.0,0.0,0.0
1.0,0.38461538461538464,0.38461538461538464,0.5,0.6,0.0,0.7272727272727273,1.0,0.0,0.39,0.8888888888888888,0.4387755102040816,0.7244897959183674,0.0,0.0,0.0,0.0
1.0,0.38461538461538464,0.38461538461538464,0.5,0.6,0.0,0.9090909090909091,0.0,0.0,0.85,0.9090909090909091,0.5306122448979592,0.29591836734693877,0.0,0.0,0.0,1.0
1.0,0.38461538461538464,0.38461538461538464,0.5,0.6,0.0,0.9090909090909091,1.0,0.0,0.79,0.9191919191919192,0.5,0.21428571428571427,0.0,0.0,0.0,1.0
0.0,0.9230769230769231,0.9230769230769231,0.5,0.6,0.0,0.9090909090909091,0.0,0.0,0.9,0.9191919191919192,0.8163265306122449,0.8163265306122449,0.0,0.0,0.0,1.0
0.0,0.9230769230769231,0.9230769230769231,0.5,0.6,0.0,0.9090909090909091,1.0,0.0,0.8,0.9090909090909091,0.8163265306122449,0.8367346938775511,0.0,0.0,0.0,1.0
0.0,0.9230769230769231,0.9230769230769231,0.5,0.6,0.0,1.0,0.0,0.0,0.8,0.8383838383838383,0.8367346938775511,0.7142857142857143,0.0,0.0,1.0,0.0
0.0,0.9230769230769231,0.9230769230769231,0.5,0.6,0.0,1.0,1.0,0.0,0.71,0.8181818181818182,0.8469387755102041,0.7244897959183674,0.0,0.0,1.0,0.0
0.0,0.9230769230769231,0.9230769230769231,0.5,0.6,0.0,0.7272727272727273,0.0,0.0,0.72,0.8787878787878788,0.7346938775510204,0.8979591836734694,0.0,0.0,1.0,0.0
0.0,0.9230769230769231,0.9230769230769231,0.5,0.6,0.0,0.7272727272727273,1.0,0.0,0.69,0.7777777777777778,0.8469387755102041,0.9285714285714286,0.0,0.0,1.0,0.0
1.0,0.38461538461538464,0.38461538461538464,0.5,0.6,0.0,0.9090909090909091,0.0,1.0,0.85,1.0,0.42857142857142855,0.9081632653061225,0.0,0.0,0.0,1.0
1.0,0.38461538461538464,0.38461538461538464,0.5,0.6,0.0,0.9090909090909091,1.0,1.0,0.89,0.9696969696969697,0.45918367346938777,0.9285714285714286,0.0,0.0,0.0,1.0
1.0,0.38461538461538464,0.38461538461538464,0.5,0.6,0.0,1.0,0.0,1.0,0.8,0.8282828282828283,0.6530612244897959,0.5816326530612245,0.0,0.0,0.0,1.0
1.0,0.38461538461538464,0.38461538461538464,0.5,0.6,0.0,1.0,1.0,1.0,0.87,0.9393939393939394,0.6428571428571429,0.6020408163265306,0.0,0.0,0.0,1.0
1.0,0.38461538461538464,0.38461538461538464,0.5,0.6,0.0,0.9090909090909091,0.0,0.0,0.15,0.09090909090909091,0.14285714285714285,0.8061224489795918,1.0,1.0,1.0,0.5
1.0,0.38461538461538464,0.38461538461538464,0.5,0.6,0.0,0.9090909090909091,1.0,0.0,0.09,0.06060606060606061,0.15306122448979592,0.8571428571428571,1.0,1.0,1.0,0.5
0.0,0.8461538461538461,0.38461538461538464,0.5,0.6,0.0,0.7272727272727273,0.0,0.0,0.81,0.8686868686868687,0.8775510204081632,0.40816326530612246,0.0,0.0,0.0,0.0
0.0,0.8461538461538461,0.38461538461538464,0.5,0.6,0.0,0.7272727272727273,1.0,0.0,0.78,0.8282828282828283,0.7959183673469388,0.5306122448979592,0.0,0.0,0.0,0.0
0.0,0.8461538461538461,0.8461538461538461,0.5,0.6,0.0,1.0,0.0,0.0,0.8,0.8787878787878788,0.7551020408163265,0.6836734693877551,0.0,0.0,0.0,0.0
0.0,0.8461538461538461,0.8461538461538461,0.5,0.6,0.0,1.0,1.0,0.0,0.85,0.8888888888888888,0.8061224489795918,0.7040816326530612,0.0,0.0,0.0,0.0
1.0,0.38461538461538464,0.38461538461538464,0.5,0.6,0.0,0.9090909090909091,0.0,0.0,0.02,0.0707070707070707,0.04081632653061224,0.07142857142857142,1.0,1.0,1.0,0.5
1.0,0.38461538461538464,0.38461538461538464,0.5,0.6,0.0,0.9090909090909091,1.0,0.0,0.05,0.04040404040404041,0.05102040816326531,0.07142857142857142,1.0,1.0,1.0,0.5
1.0,0.38461538461538464,0.38461538461538464,0.5,0.6,0.0,1.0,0.0,0.0,0.5,0.7777777777777778,0.14285714285714285,0.2755102040816326,1.0,1.0,0.0,0.0
1.0,0.38461538461538464,0.38461538461538464,0.5,0.6,0.0,1.0,1.0,0.0,0.55,0.7474747474747475,0.25510204081632654,0.2857142857142857,1.0,1.0,0.0,0.0
1.0,0.38461538461538464,0.38461538461538464,0.5,0.6,0.0,0.7272727272727273,0.0,0.0,0.3,0.1717171717171717,0.14285714285714285,0.5714285714285714,1.0,1.0,1.0,0.5
1.0,0.38461538461538464,0.38461538461538464,0.5,0.6,0.0,0.7272727272727273,1.0,0.0,0.35,0.1414141414141414,0.23469387755102042,0.6224489795918368,1.0,1.0,1.0,0.5
